date	title	type_new
2024-02-17	Videojuegos: estas son algunas de las mejores consolas portátiles para este 2024	Tecnologia
2024-02-16	Varios usuarios devuelven sus Apple Vision Pro: estas son algunas de las razones	Tecnologia
2024-02-15	Filtran el Xiaomi 14 Ultra, una 'bestia' que quiere retar al iPhone 15 y al Galaxy S24	Tecnologia
2024-02-14	En sus observaciones, el CEO de Meta comentó que la interfaz de usuario de las gafas es 'bonita'.	Tecnologia
2024-02-13	Un youtuber experto en tecnología desarmó las gafas de realidad mixta y mostró sus puntos débiles.	Tecnologia
2024-02-10	En 1996 se creó el primer modelo; sin embargo, hasta hace poco se popularizó su uso.	Tecnologia
2024-02-09	Deje a un lado los cables e inicie una nueva experiencia con sus dispositivos tecnológicos.	Tecnologia
2024-02-09	Se afirma que la última actualización del Bloc de Notas ya incluye esta funcionalidad.	Tecnologia
2024-02-09	Marcas como Meta, PlayStation y HTC tienen sus gafas de realidad aumentada.	Tecnologia
2024-02-08	Además de pensar en la factura de la luz y tener claro el uso, hay que ver las características.	Tecnologia
2024-02-08	Apple estaría preparando el nuevo modelo plegable de iPhone: Esto se sabe	Tecnologia
2024-02-06	Samsung revela a qué celulares anteriores al S24 llegará la IA	Tecnologia
2024-02-06	La tecnología y funciones de este cable pueden variar conforme a sus especificaciones.	Tecnologia
2024-02-06	Una de las grandes novedades que trae para sus usuarios es la opción de compartir pantalla.	Tecnologia
2024-02-06	Podría analizar para analizar los niveles de ansiedad, depresión o incluso un trastorno de estrés.	Tecnologia
2024-02-03	Estos nuevos audífonos prometen hasta 80 horas de reproducción con una sola carga.	Tecnologia
2024-02-02	¿Cuáles electrodomésticos debería desconectar para reducir el consumo de energía?	Tecnologia
2024-02-02	¿Qué asistente de voz conviene comprar: Alexa o Google Home?	Tecnologia
2024-02-02	Ventajas y desventajas que debe conocer antes de comprar un robot aspiradora	Tecnologia
2024-02-01	En un mcdonald’s de japon se encuentra un dispositivo encargado de limpiar el celular	Tecnologia
2024-02-01	Xiaomi presento su serie redmi note 13: uno de sus celulares vale menos de un millon	Tecnologia
2024-02-01	Iphone 16 pro max: revelan las novedades mas importantes del proximo telefono de apple	Tecnologia
2024-02-01	Samsung responde a los usuarios si deben pagar para usar las nuevas funciones de ia	Tecnologia
2024-01-31	Iphone: pasos para bloquear el telefono si este es robado	Tecnologia
2024-01-30	Seguridad informática: los ciberataques más sonados en la historia del deporte	Tecnologia
2024-01-28	2024: el año en que la computación se mudará a su cara	Tecnologia
2024-01-26	Acer nitro 16: un equipo de entrada, pero bien equilibrado	Tecnologia
2024-01-26	Estas son las caracteristicas, el precio y la disponibilidad de los vivo v30 y v30 lite	Tecnologia
2024-01-26	Apple vision pro: como comprar y usar desde colombia las gafas de realidad mixta	Tecnologia
2024-01-26	El honor x8b llega a colombia: estas son las caracteristicas y el precio de lanzamiento	Tecnologia
2024-01-26	Modo 'maestra': ¿como utilizar alexa para que ayude con las tareas de los ninos?	Tecnologia
2024-01-25	Samsung galaxy s24: le contamos cuales son las funciones con ia que ofrece el celular	Tecnologia
2024-01-25	Samsung Galaxy S24 y iPhone 15: los precios de los celulares más poderosos del mercado	Tecnologia
2024-01-24	El Macintosh de Apple celebra su cumpleaños número 40: cuatro décadas de innovación	Tecnologia
2024-01-22	Galaxy s24: ¿que tan inteligente es el celular con inteligencia artificial?	Tecnologia
2024-01-19	Asi puede optimizar su computadora personal para el regreso a clases	Tecnologia
2024-01-19	Modelos de celulares samsung buenos y baratos que puede comprar en colombia	Tecnologia
2024-01-19	Siete trucos para cargar mas rapido la bateria de su celular	Tecnologia
2024-01-18	El cristal 'corning gorilla armor' que mejora la resistencia a aranazos en celulares	Tecnologia
2024-01-18	Estas son algunas caracteristicas y precio en colombia del s24, s24 + y s24 ultra	Tecnologia
2024-01-18	Apple ahora le dará menos por intercambiar su iPhone: ¿vale la pena?	Tecnologia
2024-01-17	¿Usa modo Nocturno en su celular? Este es el impacto que tendría en su sueño	Tecnologia
2024-01-14	Tecnologia para regreso a clases: lo que debe tener en cuenta	Tecnologia
2024-01-11	Estos son los modelos de iphone que no podran actualizarse en 2024: ¿tiene alguno?	Tecnologia
2024-01-10	Oneplus 12 incluira procesador visual para ofrecer una mejor experiencia 'gaming'	Tecnologia
2024-01-09	Rog phone 8 pro: una 'bestia' de celular 'gamer' con caracteristicas impresionantes	Tecnologia
2024-01-05	El iphone 14 pro max fue el celular mas vendido en el mundo el 2023	Tecnologia
2024-01-04	Nuevos dell xps: diseno unificado, 'touchpad' de cristal haptico y teclas mas grandes	Tecnologia
2024-01-03	Estos son algunos de los dispositivos móviles que serán presentados en enero de 2024	Tecnologia
2024-01-03	¿Es bueno regalarle un celular a un niño menor de 16 años?	Tecnologia
2024-01-03	Amazon alexa: paso a paso para apagar las luces que no son necesarias en el dispositivo	Tecnologia
2024-01-03	¿que tan resistente es un celular contra el agua? lo que debe y no debe hacer	Tecnologia
2024-01-03	¿se puede limpiar el celular con agua? conozca los riesgos y metodos efectivos de aseo	Tecnologia
2024-01-02	Google maps: ¿como medir la distancia entre dos puntos en el iphone?	Tecnologia
2023-12-30	Cinco consejos para elegir un computador para jugar	Tecnologia
2023-12-29	Apple reanuda ventas de sus apple watch: ¿en que va el problema legal de la compania?	Tecnologia
2023-12-28	Los portátiles LG gram Pro: sistema de refrigeración doble y chip Intel Core Ultra	Tecnologia
2023-12-28	OnePlus presentará sus nuevos auriculares Buds 3 el próximo 4 de enero	Tecnologia
2023-12-28	El refrigerador samsung flex integra funcion que reconoce y clasifica los alimentos	Tecnologia
2023-12-28	Iphone: los tres grandes errores que hay que evitar para cuidar la bateria	Tecnologia
2023-12-28	Asi puede usar su ipad como una agenda: olvidese del lapiz y el papel	Tecnologia
2023-12-27	¿se partio la pantalla de su celular? le contamos si es mejor repararlo o cambiarlo	Tecnologia
2023-12-26	Oppo revela su nuevo modelo a59 con conectividad 5g y carga ultra-rapida	Tecnologia
2023-12-22	Asi puede reducir el riesgo de hackeos en su telefono celular: consejos efectivos	Tecnologia
2023-12-21	Televisor TCL de 98 pulgadas P755: características y precio en Colombia	Tecnologia
2023-12-20	Samsung amplía su servicio de 'autorreparación' a dispositivos plegables Galaxy	Tecnologia
2023-12-20	Mala noticia para apple antes de navidad: no podra vender dos de sus mejores productos	Tecnologia
2023-12-20	Llego a colombia el matebook d 16: nuevo pc portatil ligero de huawei	Tecnologia
2023-12-20	Xiaomi actualiza su comedero smart pet food feeder para mascotas: las novedades	Tecnologia
2023-12-19	Harman kardon lanza 2 nuevos altavoces en colombia: luna y go + play 3	Tecnologia
2023-12-19	Intel lanza nuevos chips para dominar el mercado de la inteligencia artificial	Tecnologia
2023-12-19	Celular para mama: ¿cual es el mejor para regalarle en navidad?	Tecnologia
2023-12-19	Apple ya no podrá vender el Watch Series 9 y el Watch Ultra 2	Tecnologia
2023-12-18	Asus Zenbook S 13 OLED: un portátil súper delgado y ligero	Tecnologia
2023-12-18	Resena del harman kardon onyx studio 8: elegancia sonora y potencia sostenible	Tecnologia
2023-12-18	Celulares 5g en colombia: estas son algunas opciones que puede comprar	Tecnologia
2023-12-18	Asus anuncia en colombia la nueva vivobook s 15 oled en colaboracion con bape	Tecnologia
2023-12-18	Estos son los celulares xiaomi que recibiran el sistema operativo hyperos	Tecnologia
2023-12-17	Las mejores aplicaciones y ‘smartphones’ del 2023	Tecnologia
2023-12-16	¿como hacer que la bateria de los celulares dure mas? android lanza nueva herramienta	Tecnologia
2023-12-16	¿Quiere conseguir un iPhone con descuento? Estas son algunas de las mejores plataformas	Tecnologia
2023-12-13	SIC suspende la importación y venta de 8 series de Motorola con 5G	Tecnologia
2023-12-13	Nueva xiaomi smart air fryer: caracteristicas y funciones	Tecnologia
2023-12-12	Sony xv800: un sorprendente parlante con gran sonido y bateria	Tecnologia
2023-12-12	Asus presentara nuevos dispositivos rog 2024 en un evento 'online' el 8 de enero	Tecnologia
2023-12-11	Pc gamer: ¿cuando sabe que necesita tener una computadora para juegos?	Tecnologia
2023-12-11	Iphone: asi puede extender la duracion de la bateria haciendo estos ajustes en ios 17	Tecnologia
2023-12-11	¿se debe prohibir el celular en los colegios para mejorar resultados academicos?	Tecnologia
2023-12-09	Cinco relojes inteligentes para salir de los clásicos	Tecnologia
2023-12-07	¿Por qué los dispositivos de Apple son susceptibles a 'hackeos' por Bluetooth?	Tecnologia
2023-12-07	Parlante sony inalambrico para fiestas xv800: estas son sus caracteristicas y precio	Tecnologia
2023-12-06	Estos son los celulares mas vendidos en colombia en 2023	Tecnologia
2023-12-06	Apple actualiza ios 17.2: carga qi2 ahora disponible para iphone 13 y 14	Tecnologia
2023-12-06	Portatil congelado: posibles causas y que puede hacer para solucionarlo	Tecnologia
2023-12-06	Ciberseguridad: ¿es recomendable usar emojis dentro de las contrasenas?	Tecnologia
2023-12-06	No use su telefono con la pantalla rota: los peligros para su salud al hacerlo	Tecnologia
2024-02-17	'Tips' para manejar el mundo abrumador de los chats grupales de WhatsApp	Tecnologia
2024-02-15	¿Cómo abandonar un grupo de WhatsApp sin que nadie se dé cuenta?	Tecnologia
2024-02-14	Traductor Google: el truco que siempre debe hacer al viajar al extranjero	Tecnologia
2024-02-09	Conozca estas 3 herramientas que lo ayudarán a unir estos documentos de manera fácil.	Tecnologia
2024-02-08	Para acceder a esta opción debe usar una aplicación externa que dejará visualizar el contenido.	Tecnologia
2024-02-07	Los teléfonos Android tienen funciones diseñadas para proteger a sus usuarios de estas llamadas.	Tecnologia
2024-02-06	Este procedimiento puede ayudar a mejorar el rendimiento de su computador en algunos casos.	Tecnologia
2024-02-06	El truco sirve para cuentas públicas y privadas. Sin necesidad de exponer sus datos a programas.	Tecnologia
2024-02-06	Aprenda a finalizar la sesión del correo desde otro dispositivo sin alterar o perder sus datos.	Tecnologia
2024-02-05	El beneficio del Drive es poder encontrar sus documentos en un solo lugar.	Tecnologia
2024-01-29	¿Cómo saber cuántos mensajes de WhatsApp recibió en un día?	Tecnologia
2024-01-28	Siete trucos para aprovechar al máximo su teléfono Android	Tecnologia
2024-01-25	Dentro de las opciones de personalización, resalta la posibilidad de usar diferentes tipografías.	Tecnologia
2024-01-25	Los usuarios también pueden recuperar correos electrónicos borrados accidentalmente.	Tecnologia
2024-01-22	Una guía detallada qué le llevará a verificar aspectos generales de su conectividad.	Tecnologia
2024-01-18	Existen varios métodos para restaurar los archivos eliminados en el celular. Aquí el paso a paso.	Tecnologia
2024-01-15	Tutorial: cómo crear stickers de WhatsApp en iPhone sin salir de la aplicación	Tecnologia
2024-01-12	¿Cómo integrar IA en su navegador de Chrome? Siga estas recomendaciones	Tecnologia
2024-01-10	¿como sera el nuevo celular con inteligencia artificial que competira con el iphone?	Tecnologia
2024-01-03	¿computador o celular nuevo? consejos para proteger sus dispositivos	Tecnologia
2024-01-02	¿como enviar correos en 'modo confidencial' por gmail?	Tecnologia
2023-12-29	Eltiempo.com, lider digital en usuarios y paginas vistas en colombia segun comscore	Tecnologia
2023-12-27	El robot que realiza tareas domesticas y se adapta al estado de animo con ia	Tecnologia
2023-12-26	Asi puede saber quien usa sus cuentas de 'streaming': paso a paso	Tecnologia
2023-12-21	¿Cómo cargar su celular si se quedó sin energía? Aquí algunas alternativas	Tecnologia
2023-12-18	Así puede programar respuestas automáticas en Gmail para estas vacaciones	Tecnologia
2023-12-14	Trucos para personalizar sus historias en instagram	Tecnologia
2023-12-06	Como revelar viejos negativos fotograficos con instagram: paso a paso	Tecnologia
2023-12-05	Compras por internet: pros y contras de esta practica comercial	Tecnologia
2023-11-30	Test para descubrir si su cuenta de gmail sera borrada el 1 de diciembre	Tecnologia
2023-11-25	El metodo desconocido para limpiar espacio de gmail y recuperar almacenamiento	Tecnologia
2023-11-24	Youtube: asi puede ocultar los anuncios relacionados con licor o apuestas	Tecnologia
2023-11-22	¿Cómo ver los satélites de Starlink en el cielo? Las apps y la mejor hora para hacerlo	Tecnologia
2023-11-21	Trucos y consejos para tomar las mejores fotos con su celular	Tecnologia
2023-11-17	¿cuales son las estafas digitales mas comunes y como identificarlas?	Tecnologia
2023-11-10	Iphone: asi puede reproducir sonidos de lluvia y del mar para conciliar el sueno	Tecnologia
2023-11-10	¿cual es el mejor diseno de audifono para cuidar sus oidos?	Tecnologia
2023-11-07	El truco para que la bateria del celular aguante todo el dia	Tecnologia
2023-11-06	Conozca algunos trucos para el iphone 15 y el apple watch ultra 2	Tecnologia
2023-11-01	¿va a comprar en el black friday? diez consejos para su ciberseguridad en la jornada	Tecnologia
2023-10-31	¿Sospecha que le están leyendo su correo? Así puede activar la notificación en Gmail	Tecnologia
2023-10-30	¿Cómo saber si alguien está rastreando la ubicación de mi celular?	Tecnologia
2023-10-26	¿como consultar el estado de la bateria de un computador portatil? aqui el paso a paso	Tecnologia
2023-10-26	Con whatsapp desktop puede chatear con numeros no guardados en sus contactos	Tecnologia
2023-10-26	Paso a paso para eliminar los datos personales que google guarda de sus usuarios	Tecnologia
2023-10-23	Google lanza nueva funcion para practicar ingles desde su buscador de manera gratuita	Tecnologia
2023-10-23	¿sabe como crear una cuenta de gmail? le contamos el paso a paso para hacerlo	Tecnologia
2023-10-23	Como crear carteles estilo pixar con ayuda de inteligencia artificial: paso a paso	Tecnologia
2023-10-18	¿Cómo activar las 'passkeys' de WhatsApp en su celular Android? Así puede hacerlo	Tecnologia
2023-10-17	Así puede borrar un contacto de su lista de chats frecuentes en WhatsApp	Tecnologia
2023-10-17	Carga de celulares: tres errores que debe evitar al recargar la bateria de su movil	Tecnologia
2023-10-15	Enlace de llamada en whatsapp: ¿que es, para que sirven y como se crean?	Tecnologia
2023-10-15	Tiktok e instagram: truco para evitar que gasten los datos de su plan de celular	Tecnologia
2023-10-14	Once formas de sacarle mas jugo a google fotos	Tecnologia
2023-10-14	¿sigue recibiendo llamadas spam? estos son algunos consejos para evitarlas	Tecnologia
2023-10-12	¿como puede enumerar todas las paginas de un documento de word?	Tecnologia
2023-10-12	Con Ideogram AI puede crear imágenes con su nombre en 3D, le mostramos cómo hacerlo	Tecnologia
2023-10-12	¿Cuáles son las palabras que hacen que el correo electrónico lo confunda con un Spam?	Tecnologia
2023-10-10	¿le roban su internet? asi puede bloquear un dispositivo conectado a su red wifi	Tecnologia
2023-10-10	Los '7 pecados' de chatgpt: asi actuan ciberdelincuentes para lanzar ataques digitales	Tecnologia
2023-10-07	Procesadores pc: ¿por que solo existen pocas marcas en el mundo?	Tecnologia
2023-10-06	¿como se puede activar el control parental en dispositivos moviles y televisores?	Tecnologia
2023-10-04	Chatgpt: ¿cuales son los estilos de preguntas que podemos hacerle a esta ia?	Tecnologia
2023-10-02	¿como comprobar si un sitio web es seguro? siga estos sencillos pasos para cerciorarse	Tecnologia
2023-10-02	Edición de fotos: con estas aplicaciones puede borrar objetos o personas no deseadas	Tecnologia
2023-09-28	Redes sociales: ¿cómo enseñar a los adultos mayores a usarlas de manera correcta?	Tecnologia
2023-09-28	¿no le aparecen los mensajes de video? asi puede activarlos en whatsapp	Tecnologia
2023-09-18	¿como tener whatsapp web en el navegador de el celular? aqui le contamos los pasos	Tecnologia
2023-09-18	Version ios 17 de apple: que celulares son compatibles y como descargarla en su movil	Tecnologia
2023-09-14	¡ojo! asi puede comprar de manera segura por internet en el dia del amor y la amistad	Tecnologia
2023-09-13	Aplicaciones que ayudan a calcular las horas trabajadas	Tecnologia
2023-09-12	Tips para mejorar la red inalambrica de su celular	Tecnologia
2023-09-08	Por esto debe tener un navegador web actualizado y optimizar sus consultas en internet	Tecnologia
2023-09-08	Así puede compartir las contraseñas de Wifi entre dos computadores	Tecnologia
2023-09-08	Asi puede descargar imagenes de instagram desde un pc	Tecnologia
2023-09-08	¿por que no es recomendable limpiar la pantalla del celular directamente con alcohol?	Tecnologia
2023-09-08	Trucos para evitar la ansiedad y el ‘phubbing’ generados por los mensajes de instagram	Tecnologia
2023-09-07	Asi puede encontrar su celular android si esta en silencio	Tecnologia
2023-09-05	¿sus datos estan filtrados en la dark web? herramienta de google le ayuda a saberlo	Tecnologia
2023-08-31	¿necesita hacer una grabacion de pantalla en su celular android? le explicamos como	Tecnologia
2023-08-30	¿Cómo hacer para tomar buenas fotos de la Luna con un iPhone? Trucos y paso a paso	Tecnologia
2023-08-30	Así puede cambiar por una canción personal el tono de alarma en su iPhone	Tecnologia
2023-08-29	¿que significan las siglas pdf, usb y otras usadas en tecnologia?	Tecnologia
2023-08-26	El truco de whatsapp con el que podra recordar donde dejo parqueado su vehiculo	Tecnologia
2023-08-24	¿le hackearon su cuenta de whatsapp? este es el paso a paso para recuperarla	Tecnologia
2023-08-23	Tres tips para que los adultos mayores no caigan en estafas por internet	Tecnologia
2023-08-23	Error 404 forbidden: ¿que significa y como lo puede solucionar?	Tecnologia
2023-08-19	¿que es error 403 al realizar busquedas en internet y como solucionarlo?	Tecnologia
2023-08-18	WhatsApp: así puede enviar mensajes de video	Tecnologia
2023-08-17	¿Cómo cambiar la ubicación del dispositivo desde la configuración de Netflix?	Tecnologia
2023-08-16	¿que es google classroom y como se puede crear y configurar una nueva clase?	Tecnologia
2023-08-16	¿recibe llamadas de spam? asi puede bloquearlas con estos metodos	Tecnologia
2023-08-15	Como desconectar la cuenta de google del inicio de sesion en aplicaciones de terceros	Tecnologia
2023-08-15	Como liberar espacio en gmail sin necesidad de crear una cuenta nueva	Tecnologia
2023-08-14	Paso a paso para hacer capturas de pantalla de su smart tv sin aplicaciones	Tecnologia
2023-08-14	Cinco trucos de macos que todo usuario debe saber	Tecnologia
2024-02-16	Xbox anuncia que llevará a otras consolas cuatro de sus juegos exclusivos	Tecnologia
2024-02-16	Xbox anuncia la fecha de lanzamiento de Diablo IV en Game Pass	Tecnologia
2024-02-15	Sony no lanzará títulos de sus franquicias más importantes en el próximo año fiscal	Tecnologia
2024-02-12	La plataforma ‘streaming’ ofrece entretenimiento más allá de las producciones audiovisuales.	Tecnologia
2024-02-09	¿Por qué estos juegos recibieron críticas en lugar de ganancias millonarias como otros títulos?	Tecnologia
2024-02-09	También se esperan juegos móviles de tipo 'free to play', como 'The Division Resurgence'.	Tecnologia
2024-02-09	Son varios los títulos de la saga de videojuegos que estarán disponibles en poco tiempo.	Tecnologia
2024-02-08	La PS5 tiene innegables ventajas sobre su antecesora, pero esto no hace que la 4 sea obsoleta aún.	Tecnologia
2024-02-06	El nuevo juego para consolas y PC está siendo desarrollado por Wallride Games.	Tecnologia
2024-02-06	Se rumora que Microsoft rompería con la exclusividad de sus juegos para Xbox y PC.	Tecnologia
2024-02-05	¿El final de los rumores? Xbox anuncia evento tras explosivas filtraciones de PS5	Tecnologia
2024-02-03	The Walking Dead llega a Call of Duty: todo lo que hay que saber de la nueva temporada	Tecnologia
2024-02-01	Esta oferta estará disponible para miembros desde el martes 6 de febrero hasta el lunes 4 de marzo.	Tecnologia
2024-02-01	La historia se desarrolla alrededor de jóvenes que sufren acoso y exclusión.	Tecnologia
2024-02-01	La desarrolladora de videojuegos dio novedades de más de 15 títulos para su plataforma PS5.	Tecnologia
2024-02-01	Una reciente transmisión de Developer_Direct reveló una alineación de continuaciones y novedades.	Tecnologia
2024-01-31	Mario vs. Donkey Kong: primeras impresiones del nuevo juego para Nintendo Switch	Tecnologia
2024-01-31	PlayStation anuncia su primer 'State of Play' de 2024 con más de 15 videojuegos	Tecnologia
2024-01-30	Se viene la nintendo switch 2: un gran cambio en la pantalla cautivaria a sus usuarios	Tecnologia
2024-01-26	¿por que genera tanta polemica el exito del nuevo video juego ‘palworld’ de xbox?	Tecnologia
2024-01-25	Amd lanzo su tarjeta grafica amd radeon rx 7600 xt: especificaciones, precio y mas	Tecnologia
2024-01-25	Amd lanza tecnologia de generacion de fotogramas que puede de aumentar los fps al 97%	Tecnologia
2024-01-25	Fornite anuncia la llegada de 'solid snake' en su pase de batalla de el big bang	Tecnologia
2024-01-23	Nvidia rtx remix: plataforma de 'modding' que permite remasterizar videojuegos antiguos	Tecnologia
2024-01-23	Riot Games, desarrollador de 'LoL' y 'Valorant', recortará 530 empleos	Tecnologia
2024-01-23	The Day Before cierra los servidores y pone fin a cinco años de desarrollo tumultuoso	Tecnologia
2024-01-23	Creador de contenido demandara a ubisoft por cesar servicios en linea de videojuegos	Tecnologia
2024-01-22	El retorno de triunfal de 'prince of persia' en 2.5d	Tecnologia
2024-01-19	Primer 'gameplay' de indiana jones en xbox: sera en primera persona	Tecnologia
2024-01-19	'avatar: frontiers of pandora': asi es el videojuego de la popular franquicia	Tecnologia
2024-01-19	'call of duty' ahora detecta a los jugadores que utilizan el asistente de punteria	Tecnologia
2024-01-19	Asi es el nuevo servicio de juegos ubisoft + premium	Tecnologia
2024-01-19	Racket Club, un videojuego imperdible en realidad virtual: características y reseña	Tecnologia
2024-01-19	Videojuegos que llegarán a Xbox Series y PC en 2024	Tecnologia
2024-01-18	Palworld, el 'pokemon con armas', ya tiene fecha de llegada a xbox game pass en enero	Tecnologia
2024-01-18	Las nuevas caracteristicas de the last of us part ii remastered	Tecnologia
2024-01-16	F1 23 y ea sports super mega baseball 4 llegan a ea play en enero	Tecnologia
2024-01-15	Robocop regresa con un videojuego gratuito, estilo game boy, hecho por un fan	Tecnologia
2024-01-12	Ubisoft reconoce un error en la version final de 'prince of persia: the lost crown'	Tecnologia
2024-01-10	Guerra de consolas para el ano 2024	Tecnologia
2024-01-05	Los juegos de realidad virtual que llegarán en el 2024	Tecnologia
2024-01-04	Steam de Valve lanzó la astronómica cifra de 14.000 juegos en todo el 2023	Tecnologia
2024-01-03	Square enix anuncio que pretende que final fantasy xiv dure otros 10 anos	Tecnologia
2024-01-02	Los juegos que saldran en 2024 en playstation, xbox y nintendo switch	Tecnologia
2024-01-02	Mickey mouse sin derechos de autor: el trailer del tetrico videojuego en que aparece	Tecnologia
2023-12-30	Cinco consejos para elegir un computador para jugar	Tecnologia
2023-12-29	Estos son los juegos gratis para enero del 2024 que anuncio playstation plus	Tecnologia
2023-12-26	¿por que no puede iniciar sesion de fortnite en la consola con la cuenta de epic games?	Tecnologia
2023-12-26	PlayStation: de esta forma puede ver cuáles fueron sus videojuegos favoritos del año	Tecnologia
2023-12-24	PS5, Xbox o Nintendo Switch:¿Qué tipo de consolas y accesorios regalar en Nochebuena?	Tecnologia
2023-12-22	'south park: snow day' anuncia su fecha de lanzamiento	Tecnologia
2023-12-21	Rockstar games: ¿cual es la incidencia de este polemico estudio en sus videojuegos?	Tecnologia
2023-12-21	Final fantasy vii rebirth llega con nuevas ciudades, misiones secundarias y minijuegos	Tecnologia
2023-12-20	Navidad 2023: los mejores juegos para pasar el tiempo con celulares android	Tecnologia
2023-12-20	‘geometry dash’ vuelve a ponerse de moda: ¿de que se trata este juego?	Tecnologia
2023-12-20	Juegos de playstation 2 que se pueden disfrutar en celulares android, sin emulador	Tecnologia
2023-12-19	Harvard ofrece curso en línea y gratuito sobre desarrollo de videojuegos	Tecnologia
2023-12-18	FDA reconoce terapia conductual con realidad virtual para niños con autismo	Tecnologia
2023-12-18	Xbox: los nuevos lanzamientos que llegan del 11 al 22 de diciembre	Tecnologia
2023-12-18	Fecha de lanzamiento de gta 6: rockstar la habria escondido en una camiseta	Tecnologia
2023-12-18	'chessarama': una aventura ajedrecistica innovadora para todos los niveles	Tecnologia
2023-12-18	Assassin's creed nexus: asi es la grandiosa adaptacion de la saga a la realidad virtual	Tecnologia
2023-12-17	Desarrollo de videojuegos: ¿cuanto dinero se debe invertir en la creacion?	Tecnologia
2023-12-15	Juegos de ea en 2023: cifras que dejan titulos como 'ea sports fc', 'los sims 4' y mas	Tecnologia
2023-12-15	Naughty Dog cancela la versión multijugador de 'The Last of Us': esto dijo la compañía	Tecnologia
2023-12-14	Por tiempo limitado, Steam regala tres juegos este mes: combate y 'shooters' para todos	Tecnologia
2023-12-13	El e3 se despide definitivamente tras mas de dos decadas en funcionamiento	Tecnologia
2023-12-13	Tribunal determino que google violo leyes antimonopolio; epic games gano batalla legal	Tecnologia
2023-12-07	'call of duty: modern warfare iii': un paso audaz con algunos tropiezos	Tecnologia
2023-12-07	The game awards 2023: horarios y nominados de lo mas destacado de los videojuegos	Tecnologia
2023-12-07	La nueva era del rally: ea sports wrc transforma la experiencia de conduccion	Tecnologia
2023-12-06	Gta vi: 5 referencias del videojuego a florida que parecen ficcion, pero son reales	Tecnologia
2023-12-05	'Lego Fortnite': ¿qué se sabe de la nueva temporada del videojuego de Epic Games?	Tecnologia
2023-12-05	Los videojuegos gratis que se pueden encontrar en Steam y disfrutar en diciembre	Tecnologia
2023-12-05	Grand theft auto vi llegara en 2025 solo a las consolas de playstation y xbox	Tecnologia
2023-12-05	¡pilas! estos son los videojuegos que estaran del 4 al 10 de diciembre en xbox	Tecnologia
2023-12-05	Este es el primer trailer oficial de grand theft auto vi	Tecnologia
2023-12-04	Los tres juegos que regalara ‘epic games store’ en navidad, pero con una condicion	Tecnologia
2023-12-01	Conozca por que los ninos de ee.uu. prefieren regalos relacionados con videojuegos	Tecnologia
2023-12-01	¡el trailer de gta vi ya tiene fecha oficial! esto se sabe del esperado videojuego	Tecnologia
2023-11-29	Descubren un nuevo ‘Brutality’ en Mortal Kombat 1 del que no se tenía idea	Tecnologia
2023-11-22	Krü esports: ¿Qué se necesita para ser un jugador de un equipo de las grandes ligas?	Tecnologia
2023-11-20	Proyecto rene (los sims 5) planea integrar un modo multijugador 'intimo'	Tecnologia
2023-11-20	Fortnite ya limita el acceso por edad a determinadas islas	Tecnologia
2023-11-20	Esports: el ganador de 'superdome latam 2023' en colombia se llevo 30.000 dolares	Tecnologia
2023-11-20	¡aproveche! descuentos de black friday anunciados por xbox para colombia	Tecnologia
2023-11-16	Conozca las ofertas de play station para el black friday: le contamos	Tecnologia
2023-11-16	Catalogo de juegos de playstation plus para este mes: 'teardown', 'dragon’s' y mas	Tecnologia
2023-11-15	Estos son los videojuegos más vendidos de la primera Sony PlayStation	Tecnologia
2023-11-15	Roblox incorpora la comunicación inmersiva mediante llamadas con avatares	Tecnologia
2023-11-11	Los 'gamers' y los nuevos retos que llegan con esta generacion al sector financiero	Tecnologia
2023-11-10	Baldur's gate iii: el largo desarrollo y las caracteristicas del rpg de larian studios	Tecnologia
2023-11-10	Playstation 5 pro sera 'una bestia' por capacidad de computo: filtran sus detalles	Tecnologia
2023-11-09	Rockstar games podria usar la ia para la nueva version 'grand theft auto vi'	Tecnologia
2023-11-09	Asi es el extrano televisor para playstation 1: fabricaron apenas 5.000 unidades	Tecnologia
2023-11-09	'the legend of zelda': el clasico videojuego tendra una adaptacion en la gran pantalla	Tecnologia
2024-02-18	Presidente Petro defiende reforma de salud y dice que sistema actual es 'insostenible'	Politica
2024-02-18	Cancillería responde a acusación de ministro de Rusia sobre mercenarios colombianos	Politica
2024-02-18	'Si no se desmantelan, serán destruidos por el Estado': Petro al 'Clan del Golfo'	Politica
2024-02-18	Estos son los secretos políticos de esta semana.	Politica
2024-02-17	El mandatario plantea universidad gratuita para jóvenes venezolanos que viven en Colombia.	Politica
2024-02-17	La paz y los proyectos de transición energética, entre los temas claves.	Politica
2024-02-17	Aseguró que este domingo emitirá el decreto para nombrar el reemplazo de la ministra de Deportes.	Politica
2024-02-17	Entrevista con el director de la Federación Nacional de Departamentos, el gobernador de Boyacá.	Politica
2024-02-16	El mandatario fue uno de los participantes de la jornada inicial de la Conferencia de Seguridad.	Politica
2024-02-16	La declaración se da después de que Venezuela expulsó del país a la agencia de DD. HH. de la ONU.	Politica
2024-02-16	Renunció Gustavo García, viceministro del Interior del gobierno del presidente Petro	Politica
2024-02-16	'Organismos internacionales deben ser respetuosos de procesos internos': excancilleres	Politica
2024-02-15	Congresistas le pidieron al presidente Petro pronunciarse, pero aún no hay posición al respecto.	Politica
2024-02-15	El primer mandatario viajó con el canciller (e), Luis Gilberto Murillo.	Politica
2024-02-15	Algunos miembros del gabinete han generado polémica por sus intervenciones públicas. Análisis.	Politica
2024-02-15	Los cancilleres de ambos países se reunión en Bogotá y hubo avances para adelantar el proceso.	Politica
2024-02-15	Presidente Gustavo Petro asistirá a la Conferencia de Seguridad en Múnich, Alemania	Politica
2024-02-15	Análisis: ¿Hay injerencia indebida por solicitud de CIDH y ONU en elección de fiscal?	Politica
2024-02-14	Petro: 'los que excluyen a la cidh y a la onu desencadenan dictaduras y genocidios'	Politica
2024-02-14	Presidente petro eleva el tono de sus mensajes sobre la supuesta campana en su contra	Politica
2024-02-14	Los cargos claves que faltan por nombrar en el gobierno del presidente petro	Politica
2024-02-14	Presidente petro condecora con orden de boyaca al liceo frances	Politica
2024-02-14	Presidente petro habla sobre el llamado de la onu a la corte por eleccion de la fiscal	Politica
2024-02-14	'eso es dar papaya': gustavo bolivar critico la citacion de las marchas el 8 de febrero	Politica
2024-02-14	ONU hace llamado para concluir elección del fiscal y pide al Gobierno brindar garantías	Politica
2024-02-13	Pasaportes: ¿Por qué interesados en licitación dicen que pliego favorece a Thomas Greg?	Politica
2024-02-13	Cielo rusinque respondio a la fiscalia, que aclaro denuncias por seguimientos ilegales	Politica
2024-02-13	Atencion: gobierno y corte suprema se enfrentan por asedio de manifestantes	Politica
2024-02-13	Petro confunde a exmagistrado con defensor dd.hh. en pedido para que corte elija fiscal	Politica
2024-02-13	Un 72 por ciento esta en contra del nombramiento de armando benedetti como embajador	Politica
2024-02-13	Gobernadores rechazan ola de violencia en el pais y piden recuperar el orden publico	Politica
2024-02-13	Pasaportes: primeras observaciones dicen que nuevos pliegos favorecen a thomas greg	Politica
2024-02-12	Cancillería pidió acompañamiento de Secretaría de Transparencia para nueva licitación	Politica
2024-02-12	Desaprobación de gestión del presidente Petro está en 59 por ciento, según Opinómetro	Politica
2024-02-12	Cielo rusinque denuncia seguimientos a su vivienda y hace llamado a la fiscalia	Politica
2024-02-11	Presidente critica a medios y dice que bloqueo a entrada de la corte duro '10 segundos'	Politica
2024-02-11	Petro se pronuncia tras renuncia de marelbys meza a programa de proteccion de testigos	Politica
2024-02-11	Presidente petro se dirigira al pais: este domingo en la noche habra alocucion	Politica
2024-02-11	Las graves implicaciones del asedio al palacio de justicia	Politica
2024-02-11	'no estamos en la tarea de presionar a la corte suprema': ministro velasco	Politica
2024-02-10	'Una de las principales aerolíneas del mundo vendrá a Colombia': Petro sobre Emirates	Politica
2024-02-09	Así reconoció el Estado colombiano su responsabilidad en el crimen de Guillermo Cano	Politica
2024-02-09	Los 5 retos que tendra luis gilberto murillo, quien recibe una cancilleria agrietada	Politica
2024-02-09	La version del presidente petro sobre lo que paso en el palacio de justicia	Politica
2024-02-09	‘no hubo heridos, secuestro o mas’: presidente petro frente a criticas por marchas	Politica
2024-02-09	Gobernadores del pais envian carta al presidente petro para pedir autonomia territorial	Politica
2024-02-09	'continuaremos fortaleciendo la presencia de colombia': canciller (e) luis g. murillo	Politica
2024-02-09	'tuvimos una amenaza al funcionamiento de nuestra democracia': presidente del congreso	Politica
2024-02-09	Centro Democrático pide cita con relator de la CIDH: esta es la denuncia que harán	Politica
2024-02-09	La OEA habla de 'amenazas de interrupción' al mandato del presidente Petro	Politica
2024-02-09	Luis gilberto murillo sera el canciller encargado tras suspension de alvaro leyva	Politica
2024-02-08	Presidente petro convoco a consejo de seguridad tras bloqueo en el palacio de justicia	Politica
2024-02-08	Familia resalta reconocimiento que hara estado por crimen del director guillermo cano	Politica
2024-02-08	Daniel rojas (sae) es el director encargado del dnp tras salida de jorge ivan gonzalez	Politica
2024-02-08	Secretario general de la oea dice que se debe respetar la autonomia del poder judicial	Politica
2024-02-08	Petro: 'ordenes a la policia las da el presidente, solicito a la procuradora mesura'	Politica
2024-02-08	Petro ordena a la Policía actuar 'sobre personas que impiden movilidad de magistrados'	Politica
2024-02-08	Oficializan ente para superación del estado de cosas inconstitucional en La Guajira	Politica
2024-02-08	Este es el millonario salario que recibira armando benedetti, nuevo embajador en la fao	Politica
2024-02-08	Petro lamenta suspension del canciller para reunion con consejo de seguridad	Politica
2024-02-08	Armando benedetti ya se posesiono como embajador de colombia ante la fao	Politica
2024-02-08	El nuevo director de invima seria francisco rossi buenaventura	Politica
2024-02-08	Gobierno acepto la renuncia de mercedes gomez villamarin, directora de invias	Politica
2024-02-08	¿quien quedara a cargo de la cancilleria tras anuncio de leyva de acatar la suspension?	Politica
2024-02-07	Canciller Álvaro Leyva anuncia que se separa del cargo para cumplir con la suspensión	Politica
2024-02-07	Presidente Gustavo Petro se pronuncia tras anuncio de Leyva de separarse del cargo	Politica
2024-02-07	¿nombramiento de benedetti como embajador podria caerse por decision de procuraduria?	Politica
2024-02-07	Petro: 'una ministra dejo que se robaran $ 70.000 millones y no hubo suspension'	Politica
2024-02-07	Presidente petro lamenta el fallecimiento de sebastian pinera	Politica
2024-02-07	Vicepresidenta francia marquez lamento la muerte de sebastian pinera	Politica
2024-02-07	Es oficial: publican decreto que designa a benedetti como embajador ante la fao	Politica
2024-02-07	Cuestionan el silencio del presidente petro ante muerte de sebastian pinera	Politica
2024-02-07	Sindicato de Cancillería rechaza designación de Benedetti como embajador ante la FAO	Politica
2024-02-07	Presidente Petro dice que no hay presiones a la Corte, pero mantiene llamado a marchas	Politica
2024-02-07	¿que hay detras del aumento de cargos en la cancilleria y la creacion de 9 embajadas?	Politica
2024-02-07	El gobierno petro renueva puestos claves: los que llegan y salen del ejecutivo	Politica
2024-02-06	Cancilleria colombiana lamenta muerte de sebastian pinera y resalta su aporte a la paz	Politica
2024-02-06	¿canciller leyva participo en reunion con jon finer a pesar de su suspension?	Politica
2024-02-06	Los compromisos a los que llego colombia y ee.uu. tras encuentro petro-finer	Politica
2024-02-06	Francia marquez niega haber omitido declaracion de apartamento que tiene en cali	Politica
2024-02-06	Cuestionan uso del Sena y RTVC para invitar a las marchas convocadas por Petro	Politica
2024-02-06	El ruido político y jurídico que genera el regreso de Armando Benedetti al Gobierno	Politica
2024-02-06	Venezuela: lo que estados unidos espera de colombia tras dialogo con presidente petro	Politica
2024-02-06	‘las mujeres colombianas han asumido un liderazgo mundial en promover agenda de genero’	Politica
2024-02-05	¿de que hablaron el presidente petro y funcionarios de biden en la casa de narino?	Politica
2024-02-05	¿que significa que el presidente tenga en la red x su principal via de comunicacion?	Politica
2024-02-05	Pacto historico convoca reunion para discutir la hoja de ruta para ser un partido unico	Politica
2024-02-05	Las claves para entender la tormenta politica por la supuesta 'ruptura institucional'	Politica
2024-02-17	La hierba aromática que mejora la memoria, cuida al cerebro y se consigue en todo lado	Politica
2024-02-18	‘No estoy embarcado en el federalismo’: gobernador Rendón sobre la autonomía fiscal	Politica
2024-02-18	El competido ‘lobby’ en Washington entre la izquierda y la derecha colombiana	Politica
2024-02-18	César Gaviria dice que hay una 'desquiciada intención' de destruir el sistema de salud	Politica
2024-02-16	El expresidente de Colombia, además, dijo que hay un retroceso en acuerdos en Venezuela.	Politica
2024-02-16	El exmandatario criticó los resultados que tuvo la economía en el 2023.	Politica
2024-02-15	El expresidente se pronunció tras las declaraciones del organismo sobre la elección del Fiscal.	Politica
2024-02-14	El expresidente y jefe del liberalismo envió un comunicado sobre su postura frente al Ejecutivo.	Politica
2024-02-13	Mientras que afines al gobierno destacaron el comunicado, la oposición lo calificó de intervención.	Politica
2024-02-13	La Corte Suprema abrió investigación contra el representante por presunta injuria.	Politica
2024-02-13	Aunque hay tendencias en contra del Ejecutivo, cada colectividad tuvo respuestas dispares.	Politica
2024-02-12	Cada tercer día, un funcionario agredió a la prensa en 2023, según la Flip	Politica
2024-02-12	Encuentro de expresidentes: Iván Duque y César Gaviria se reunieron en Bogotá	Politica
2024-02-12	Le siguen ASI, Partido Conservador y Cambio Radical.	Politica
2024-02-12	El senador del Polo Democrático alertó sobre posibles afectaciones a la autonomía judicial.	Politica
2024-02-10	El senador aseguró que 'la democracia colombiana está en riesgo'.	Politica
2024-02-09	En redes circula una publicación falsa que nunca ha aparecido en ninguna de nuestras plataformas.	Politica
2024-02-09	Las voces de rechazo al asedio a la Corte: el país repudia la afrenta a la justicia	Politica
2024-02-08	Alejandro Gaviria: 'El Partido Liberal no debería ser partido de gobierno'	Politica
2024-02-08	Uribe habla de eleccion del fiscal y pide garantizar seguridad y libertad a magistrados	Politica
2024-02-08	Gaviria: 'el presidente petro esta actuando con actos violatorios de la constitucion'	Politica
2024-02-08	Sectores cuestionan llegada de juan felipe harman a ant por proceso en procuraduria	Politica
2024-02-08	Expresidente alvaro uribe cuestiona a extintas farc por sus criticas a la jep	Politica
2024-02-07	Los caminos para salir de la crisis politica desatada por la 'ruptura institucional'	Politica
2024-02-07	Ingrid betancourt responde a days vasquez por comentario sobre dineros de nicolas petro	Politica
2024-02-07	Gabriel Vallejo asume dirección del Centro Democrático de manera temporal	Politica
2024-02-06	Nubia Stella Martínez renunció a la dirección del Centro Democrático	Politica
2024-02-06	¿que les puede pasar a los 337 elegidos en 2023 que no informaron gastos de campana?	Politica
2024-02-05	337 elegidos en las regionales no han presentado sus cuentas de campana ante el cne	Politica
2024-02-05	Crece el llamado a la calma y a la reflexion en medio de tormenta politica en colombia	Politica
2024-02-03	Juan camilo restrepo: 'a las instituciones hay que dejarlas funcionar y respetarlas'	Politica
2024-02-02	Panamericanos| dura respuesta de agmeth escaf a presidente petro: 'no tenemos seriedad'	Politica
2024-02-02	Culpar a otros no es gobernar: exdirector del dapre de duque a petro por panamericanos	Politica
2024-02-02	I+D, la fundación de Iván Duque, lanza programa para promover liderazgo juvenil	Politica
2024-02-01	‘Barranquilla merece que gobierno le pida perdón’: Escaf por pérdida de Panamericanos	Politica
2024-02-01	Brecha de genero tambien se reflejo en la financiacion de campanas politicas en 2023	Politica
2024-01-31	'agredir a familiares y exponer su imagen es propio de la peor ralea': duque a petro	Politica
2024-01-31	Agmeth escaf le pide respuestas al presidente petro por silencio sobre panamericanos	Politica
2024-01-31	Armando benedetti sale en defensa de veronica alcocer tras polemica por sus viajes	Politica
2024-01-29	Colombia humana da su version sobre donacion de fecode	Politica
2024-01-28	'el pacto historico se une o se hunde': david racero sobre llamado del presidente petro	Politica
2024-01-28	Senadora Valencia cuestiona contratos de Colpensiones y sugiere entrega de ‘mermelada’	Politica
2024-01-28	Vargas Lleras responsabiliza al gobierno Petro por gestión de los incendios en el país	Politica
2024-01-27	Las carta sin respuesta de la casa de narino / en secreto	Politica
2024-01-26	Catherine juvinao denuncia que hackearon su instagram: 'estamos escalando la situacion'	Politica
2024-01-26	Pacto historico anuncio primeros pasos para convertirse en un partido unico	Politica
2024-01-25	La defensa de humberto de la calle al director de la dian: 'hay que apoyarlo'	Politica
2024-01-25	Cne anuncia duras sanciones para los candidatos que no informaron ingresos y gastos	Politica
2024-01-25	¿por que los partidos politicos de colombia recibiran menos plata del estado este ano?	Politica
2024-01-25	Las fuerzas en el Pacto a las que no les suena (y a las que sí) ser un solo partido	Politica
2024-01-23	'No es viable para nosotros': Mais sobre propuesta de Petro de unirse en un partido	Politica
2024-01-23	Partido conservador niega reuniones con minsalud y reitera que votara no a la reforma	Politica
2024-01-23	¿el pacto historico en pleno apoya idea del presidente petro de ser un unico partido?	Politica
2024-01-22	¿quien ocupara curul de piedad cordoba? el debate tras las listas del pacto historico	Politica
2024-01-22	'vamos a regresar a la direccion unica': lemos sobre el futuro del partido de 'la u'	Politica
2024-01-22	Integrantes de comision de genero de alianza verde piden expulsar a jota pe hernandez	Politica
2024-01-22	'si mi secuestro se alargo fue por obra de piedad cordoba': ingrid betancourt	Politica
2024-01-22	¿Qué hay detrás de la propuesta del presidente Petro de que el Pacto sea un partido?	Politica
2024-01-21	Piedad Córdoba: cuerpo de la senadora fue trasladado a Quibdó para honras fúnebres	Politica
2024-01-21	'mi familia solo tiene gratitud': sigifredo lopez recuerda a piedad cordoba	Politica
2024-01-21	Fotos: asi se veia piedad cordoba sin turbantes	Politica
2024-01-21	Centro democratico dice que pierre garcia y milton restrepo no pertenecen a su partido	Politica
2024-01-21	Piedad cordoba: la vida de luces y sombras de la senadora que fallecio el 20 de enero	Politica
2024-01-20	'le agradeci que hubiese ido a la selva a recogerme': clara rojas sobre piedad cordoba	Politica
2024-01-20	'incansable luchadora por la paz': rodrigo londono reacciona a muerte de piedad cordoba	Politica
2024-01-20	Piedad Córdoba: Iván Cepeda registra 'con tristeza' la muerte de la senadora	Politica
2024-01-20	'Nos queda la tarea de perdonar': Ingrid Betancourt sobre muerte de Piedad Córdoba	Politica
2024-01-20	Piedad cordoba: los cuatro hijos de la fallecida senadora del pacto historico	Politica
2024-01-20	Piedad cordoba: hugo chavez, el gran aliado y defensor de la fallecida senadora	Politica
2024-01-20	Cabal y lafaurie, con reacciones distintas sobre la muerte de piedad cordoba	Politica
2024-01-20	Piedad cordoba: lo que se sabe sobre su muerte este sabado en medellin	Politica
2024-01-20	Fallecio piedad cordoba: estas fueron las grandes polemicas de la senadora de colombia	Politica
2024-01-20	Piedad cordoba: ¿que pasara con la curul que ocupaba en el senado tras su muerte?	Politica
2024-01-20	Murió Piedad Córdoba: las reacciones de los distintos líderes políticos en Colombia	Politica
2024-01-20	¿Quién es Pierre García, señalado líder de la banda de 'las Marionetas'?	Politica
2024-01-19	Feministas hicieron planton para exigir la salida de hollman morris de rtvc	Politica
2024-01-19	'dejen de normalizar el acoso': nicolas alcocer petro por video a familia presidencial	Politica
2024-01-18	Sectores politicos y gremiales consternados por ataques a fincas en valle del cauca	Politica
2024-01-18	Algunas mujeres congresistas del pacto historico firman carta apoyando a hollman morris	Politica
2024-01-18	Álvaro uribe defiende a su hermano, cuestionado por vinculos con el paramilitarismo	Politica
2024-01-17	Cambio radical a aliados del gobierno: 'no era oposicion, era envidia y resentimiento'	Politica
2024-01-16	Oposición cuestiona designación de Aldo Cadena como presidente de la Nueva EPS	Politica
2024-01-16	Astrid Sánchez dice que hay falta de voluntad política con Chocó tras trágico derrumbe	Politica
2024-01-15	La demanda que busca sacar a carlos amaya de la gobernacion de boyaca	Politica
2024-01-15	El plan de austeridad en el ministerio de defensa / en secreto	Politica
2024-01-14	Ivan duque: ‘las reformas del gobierno petro son pobresistas y no progresistas’	Politica
2024-01-14	'reconocimos en su momento que enilce lopez aporto dinero': expresidente uribe	Politica
2024-01-13	Uribe y duque elogian anuncio de alcalde de medellin sobre consumo en espacios publicos	Politica
2024-01-11	'debe ser devuelto sin exigencia alguna': registrador sobre funcionario secuestrado	Politica
2024-02-17	Panamericanos: No habrá moción de censura, pero Senado hará debate por pérdida de sede	Politica
2024-02-16	Los debates de moción y control que habrá tras reinicio de sesiones en el Congreso	Politica
2024-02-16	Cámara de Representantes citó a moción de censura al ministro de Salud	Politica
2024-02-16	Andrés Calle, presidente de la Cámara, habló con EL TIEMPO sobre el reinicio de la legislatura.	Politica
2024-02-16	La congresista señaló que participará en una agenda de congresistas en la tarde de este viernes.	Politica
2024-02-16	Este viernes arranca la contrarreloj para las reformas de la salud y la pensional. Análisis.	Politica
2024-02-15	Astrid Rodríguez dejó su cargo luego de la polémica por la pérdida de la sede de los Panamericanos.	Politica
2024-02-15	Julio César Triana explica la reforma constitucional que redujo el receso legislativo.	Politica
2024-02-14	La senadora del Pacto Histórico habló con EL TIEMPO sobre las reformas sociales.	Politica
2024-02-14	Miguel Uribe y Paloma Valencia, entre los senadores que se reunirán con el secretario Luis Almagro.	Politica
2024-02-14	20 congresistas le piden al presidente Petro pronunciarse sobre situación en Venezuela	Politica
2024-02-13	Se inicia un semestre decisivo en el Congreso, ¿qué pasará con las reformas sociales?	Politica
2024-02-13	La senadora Andrea Padilla manifestó que, considera. 'peligroso gobernar desde el resentimiento'.	Politica
2024-02-13	El senador del Centro Democrático dice que las reformas empobrecen y no son progresistas.	Politica
2024-02-13	Se cumplen 9 meses de que el Consejo de Estado anulara la elección de Carlos Hernán Rodríguez.	Politica
2024-02-13	La iniciativa buscar proteger los derechos y obligaciones de estos núcleos familiares.	Politica
2024-02-13	‘Hay que corregir las reformas y, ojalá, hundir la de salud’: Paloma Valencia	Politica
2024-02-12	Citan a la ANI al Congreso para que presente informe que evalúa diseño del Metro	Politica
2024-02-12	Congresistas pidieron al presidente petro que cop 16 ambiental se haga en bogota	Politica
2024-02-12	'el que vive en una burbuja es usted': senador miguel uribe al presidente gustavo petro	Politica
2024-02-11	‘nadie quiere tumbar al presidente gustavo petro’: humberto de la calle	Politica
2024-02-11	La inesperada visita de benedetti al palacio de san carlos / en secreto	Politica
2024-02-10	Paloma valencia les pide a partidos verde y liberal abandonar la coalicion de gobierno	Politica
2024-02-10	La dura carta que humberto de la calle le envio a luis almagro, secretario de la oea	Politica
2024-02-09	Proyecto de Ley que crea Fondo para Mujeres Periodistas entra a tercer debate	Politica
2024-02-08	Name: 'Confiamos en que todos los actores harán respetar a los magistrados de la Corte'	Politica
2024-02-06	Cabal denuncia que harian minga indigena en su casa en bogota y pide proteccion	Politica
2024-02-06	Congresista demandara a fiscal barbosa; le pedira que quite placas que tengan su nombre	Politica
2024-02-06	Secretario del senado denuncio que no tiene esquema de seguridad	Politica
2024-02-05	Agmeth escaf denuncia persecusion y ataques desde rtvc: hollman morris le responde	Politica
2024-02-05	Jota pe hernandez: 'yo si creo que colombia necesita un bukele, alguien con pantalones'	Politica
2024-02-05	‘es urgente introducir un marco etico a las redes sociales’: david luna	Politica
2024-02-04	José Jaime Uscátegui: 'El presidente Petro es preso de la negociación con el Eln'	Politica
2024-02-04	El viaje de María Fernanda Cabal a la cumbre conservadora de EE. UU. / En Secreto	Politica
2024-02-04	Congresistas del pacto iran a la cidh para denunciar 'ruptura institucional'	Politica
2024-02-03	Todo desafio a nuestras instituciones debe ser repudiado: name tras trino de petro	Politica
2024-02-03	Pedraza: 'si petro ve sus videos de campana, se asusta de lo incoherente que ha sido'	Politica
2024-02-01	Congresistas cuestionan al gobierno ante nuevas candidaturas oficiales a panamericanos	Politica
2024-02-01	Miguel uribe le pide al alcalde galan que reconsidere las zonas para consumo de drogas	Politica
2024-02-01	'¿nobel de paz?': maria fernanda cabal cuestiona nominacion al presidente petro	Politica
2024-02-01	El choque entre Patricia Tobón y Comisión 1.ª de Cámara por trámite de Ley de Víctimas	Politica
2024-01-30	Citan a Comisión Accidental del Metro en el Congreso para verificar avances en la obra	Politica
2024-01-29	Las razones por las que aplazaron diligencia de nicolas petro comision de acusacion	Politica
2024-01-26	'el 41 % de las aeronaves de la fac no estan operando en este momento': uscategui	Politica
2024-01-26	Citaran a mindefensa a control politico por estado de aeronaves de la fuerza aerea	Politica
2024-01-25	Juvinao: a mis electores que no estuvieron de acuerdo con apoyo a petro les pido perdon	Politica
2024-01-24	¿el pais estaba preparado para enfrentar los incendios forestales?	Politica
2024-01-24	Cathy juvinao dice que el minsalud 'esta a tres doritos' de salir y pide su renuncia	Politica
2024-01-24	‘No podemos entrar en una campaña dos años antes de las elecciones’: David Luna	Politica
2024-01-23	El mensaje de De la Calle al Gobierno: 'Claridad por favor. Pensar antes de hablar'	Politica
2024-01-23	Samy merheg por caso de 'las marionetas': 'no he tenido ninguna actividad ilicita'	Politica
2024-01-23	Ivan name niega vinculos con 'los rastrojos' tras indagacion de la corte suprema	Politica
2024-01-23	Criticas al ministro de salud tras polemico pronunciamiento sobre nueva tributaria	Politica
2024-01-23	Con alabaos y vallenato, el congreso le dijo adios a la senadora piedad cordoba	Politica
2024-01-22	'todas mis acciones se han apegado a los mas altos principios institucionales': name	Politica
2024-01-22	En vivo| piedad cordoba: llega el presidente gustavo petro al homenaje en el congreso	Politica
2024-01-22	María Fernanda Cabal denunciará al presidente Gustavo Petro por participación política	Politica
2024-01-22	Tras choque por propuesta de referendo, De la Calle y gobernador Rendón se reunieron	Politica
2024-01-22	Piedad cordoba: detalles del homenaje que habra en el congreso; sera abierto al publico	Politica
2024-01-21	Cuerpo de piedad cordoba estara en camara ardiente en el congreso, dice su familia	Politica
2024-01-20	Estos son los congresistas que seran ponentes de la reforma de la salud en el senado	Politica
2024-01-18	¿quienes son los congresistas que estan enredados en escandalo de corrupcion?	Politica
2024-01-16	'antes de innovar, se deben abordar los incendios actuales': de la calle a minsalud	Politica
2024-01-15	Los proyectos que buscan eliminar impuestos saludables y a plasticos de un solo uso	Politica
2024-01-14	El futuro de los ‘verdes’ ad portas de su convención / En secreto	Politica
2024-01-13	'Van a pavimentarle el camino a un Bukele para 2026': representante Catherine Juvinao	Politica
2024-01-11	Radicaron mocion de censura en contra de la ministra del deporte, astrid rodriguez	Politica
2024-01-11	'que fastidio un presidente mitomano': maria fernanda cabal sobre gustavo petro	Politica
2024-01-10	Maria jose pizarro: lo unico que ve el pais son garantias de impunidad para las elites	Politica
2024-01-10	Gallo sobre crisis en el invima: 'es preocupante que sigan poniendo en juego la salud'	Politica
2024-01-10	Vacunas covid: denuncian falencias en aplicacion tras anuncio de linaje circulando	Politica
2024-01-10	Anuncian mocion de censura contra ministra del deporte si presidente no pide renuncia	Politica
2024-01-09	Representante Hernán Cadavid denunció a Alfredo Saade: ¿por qué?	Politica
2024-01-09	Juvinao: 'Nadie nos dijo que el ‘cambio’ vendría con nuestra propia María Antonieta'	Politica
2024-01-09	'las ministras siempre tuvieron instrucciones de no hacer los pagos a panam sports'	Politica
2024-01-09	Senado no pudo pagarle a contratistas y proveedores por no asignacion de minhacienda	Politica
2024-01-08	'el presidente petro les amarro manos y los pies a nuestra fuerza publica': david luna	Politica
2024-01-08	Abece de la ley 'chao marcas', que mandatarios y gobernadores locales deberan aplicar	Politica
2024-01-07	'petro no se invento la violencia, pero estamos en medio de un fenomeno explosivo'	Politica
2024-01-07	Cepeda: 'votaremos negativamente la reforma de la salud porque hubo cero conciliacion'	Politica
2024-01-07	E. Cepeda: ‘Vemos mucho autoritarismo del Gobierno al no querer concertar las reformas’	Politica
2024-01-05	Cabal respalda propuesta de Gobernador para revivir frentes de seguridad en Antioquia	Politica
2024-01-04	Los congresistas que ya habian advertido la posible perdida de los panamericanos	Politica
2024-01-03	'incapacidad y alevosia': presidente senado al gobierno por escandalo de panamericanos	Politica
2024-01-03	Debate de afines al gobierno y contrarios por posible perdida de sede de panamericanos	Politica
2024-01-02	Piden al gobierno del presidente petro claridad sobre la nueva reforma tributaria	Politica
2024-01-02	David luna pide que se repita la eleccion de la vicepresidencia del concejo de bogota	Politica
2024-01-02	Insisten al presidente petro que firme ley chao marcas ante nuevos gobiernos locales	Politica
2024-02-18	Lafaurie: críticas a frentes ganaderos vienen de sectores que han atizado la violencia	Politica
2024-02-17	Así fue la reunión de gobernadora del Chocó con delegación del Gobierno en mesa con Eln	Politica
2024-02-17	Delegación del Gobierno en mesa con el Eln se reunirá con la gobernadora del Chocó	Politica
2024-02-16	El senador le reiteró a la guerrilla que estas personas deben ser dejadas en libertad.	Politica
2024-02-16	El consejero de la delegación del Eln en los diálogos de paz habló de las reformas del Gobierno.	Politica
2024-02-16	En mesas de diálogo ya se eligieron las regiones en las que se realizarán acciones humanitarias.	Politica
2024-02-15	Beneficia a quienes sufrieron hechos victimizantes ocurridos a partir del 1.° de enero de 1985.	Politica
2024-02-14	Señaló que es un tema se debe revisar en el próximo ciclo porque afecta a la población.	Politica
2024-02-14	Nubia Córdoba dijo que las comunidades deben ser el centro de los acuerdos en la negociación.	Politica
2024-02-14	Aunque el Eln anunció final de escalada violenta, gobernadora Nubia Córdoba duda de voluntad de paz.	Politica
2024-02-13	'El cese funciona, pero debe convertirse en fin de hostilidades': gobernador de Nariño	Politica
2024-02-13	Alerta por desabastecimiento de medicamentos en el Chocó por el paro armado del Eln	Politica
2024-02-13	En un comunicado, el frente que opera en el departamento anunció el fin del paro armado en la zona.	Politica
2024-02-13	El documento al que se refieren los negociadores fue publicado por la W.	Politica
2024-02-13	Además, dijo que el 'Estado Mayor Central' es el responsable del ataque armado a una ruta escolar.	Politica
2024-02-12	El miembro de la delegación de Gobierno hizo un balance de la última ronda de diálogos.	Politica
2024-02-12	Delegación de Gobierno en mesa con Eln habló con gobernadora de Chocó sobre paro armado	Politica
2024-02-12	‘Hay que avanzar con la búsqueda de desaparecidos’: Woodward	Politica
2024-02-12	El reto que supone para el gobierno adelantar tres procesos de paz simultaneos	Politica
2024-02-11	Consejo de seguridad de la onu entrego balance de su visita a colombia, ¿que dice?	Politica
2024-02-11	Los obstaculos que se advierten en proceso de paz con la 'segunda marquetalia'	Politica
2024-02-10	En el valle, consejo de seguridad de onu cerro visita para verificar avances en la paz	Politica
2024-02-10	Cuba acepto acompanar proceso de paz tras solicitud del gobierno y segunda marquetalia	Politica
2024-02-10	Asi fue la visita del consejo de seguridad de la onu a firmantes de paz del caqueta	Politica
2024-02-10	En medio de dudas jurídicas, se inicia proceso de paz con ‘Iván Márquez’	Politica
2024-02-09	Gobierno anuncia inicio de proceso de paz con Segunda Marquetalia de 'Iván Márquez'	Politica
2024-02-09	Presidente petro recibio al consejo de seguridad de la onu: ¿de que hablaron?	Politica
2024-02-08	‘fondo multidonante podria ayudarnos a transformar territorios’: presidente petro	Politica
2024-02-08	Clara rojas pide al consejo de seguridad de la onu que se reuna con victimas	Politica
2024-02-08	Consejo de seguridad de la onu ya esta en colombia: esta es su agenda para este jueves	Politica
2024-02-08	‘la mision de verificacion de la onu perdio de vista su mandato’: sergio jaramillo	Politica
2024-02-07	Julian gallo le respondio a la jep: 'no estamos pidiendo que no se nos sancione'	Politica
2024-02-07	Así funcionará el fondo multidonante para la paz que anunciaron Gobierno y Eln	Politica
2024-02-07	Líderes de extintas Farc amenazan con apartarse de las decisiones de la JEP	Politica
2024-02-07	Las claves de lo que se firmo en la habana en sexto ciclo con el eln	Politica
2024-02-06	Esta es la agenda del consejo de seguridad de la onu en su visita a colombia	Politica
2024-02-06	Gobierno y eln acuerdan crear fondo multidonante para el proceso de paz	Politica
2024-02-06	Que dice el decreto con el que el gobierno amplio el cese del fuego con el eln	Politica
2024-02-06	Otty patino, tras acuerdo con eln: 'mantener secuestrados infringe el cese al fuego'	Politica
2024-02-06	Posiciones encontradas ante prolongacion del cese del fuego con eln por seis meses	Politica
2024-02-06	Gobierno y Eln acuerdan extender el cese del fuego bilateral por 180 días más	Politica
2024-02-05	Decisión sobre prórroga de tregua con Eln y cierre de 6.° ciclo se aplazó para mañana	Politica
2024-02-05	¿por que es clave para el proceso de paz con el eln la prorroga del cese del fuego?	Politica
2024-02-04	‘independientemente de si hay o no cese con el eln, el secuestro debe acabarse’: onu	Politica
2024-02-02	Los detalles de la visita del consejo de seguridad de la onu a colombia	Politica
2024-02-02	En tibu instalan primera oficina local del mecanismo de verificacion del cese con emc	Politica
2024-01-31	‘'antonio garcia' puede decir lo que quiera, es lo que se pacta en la mesa’: velandia	Politica
2024-01-30	Organizaciones piden fin de asesinatos a lideres sociales y convocan a jornada de duelo	Politica
2024-01-30	'Es muy incierto el futuro de ese proceso': Santos sobre negociación con el Eln	Politica
2024-01-30	¿Por qué el cese del fuego con el Eln se extendió por solo una semana?	Politica
2024-01-29	Gobierno y eln extienden cese del fuego una semana mientras se evalua su continuidad	Politica
2024-01-29	‘seguimos comprometidos a fondo’: vera grabe tras prolongacion cese con eln por 8 dias	Politica
2024-01-29	Decision de cese del fuego entre el gobierno y el eln queda para el ultimo dia	Politica
2024-01-26	'son puros cuentos de otty': antonio garcia, del eln, sobre prorroga de cese del fuego	Politica
2024-01-26	Miembros del consejo de seguridad de la onu llegaran a colombia el proximo 7 de febrero	Politica
2024-01-25	Defensoria del pueblo solicita presentar informe en la mesa de dialogos con el eln	Politica
2024-01-25	¿Qué hará el observatorio sobre paramilitarismo acordado en mesa entre Gobierno y Eln?	Politica
2024-01-24	Los pendientes que deben resolver Gobierno y Eln antes de extender el cese del fuego	Politica
2024-01-24	¿que dicen los acuerdos firmados entre gobierno y eln sobre la financiacion?	Politica
2024-01-24	Los seis acuerdos entre el gobierno y el eln para prorrogar el cese bilateral del fuego	Politica
2024-01-24	Gobierno afirma que cese del fuego se extendio, pero eln dice se esta 'evaluando'	Politica
2024-01-23	Otty patino confirma que se acordo extender cese del fuego con el eln por 6 meses	Politica
2024-01-22	Ivan cepeda conto cuales seran las prioridades en este ciclo de dialogo con el eln	Politica
2024-01-22	Los retos del sexto ciclo de dialogo con el eln, que se inicia este lunes en cuba	Politica
2024-01-21	Gobierno busca consolidar la negociación con el Eln llevándola al Vaticano: análisis	Politica
2024-01-21	El alto comisionado para la Paz, dispuesto a hablar con el 'clan del Golfo'	Politica
2024-01-19	Las dudas sobre cohesion del ‘estado mayor central’ tras secuestro en n. de santander	Politica
2024-01-19	Con acuerdos sobre la agenda y el reclutamiento, se cerro tercer ciclo con disidencias	Politica
2024-01-17	La condicion que puso el presidente petro para ampliar el cese del fuego con el eln	Politica
2024-01-17	Listas cuatro de las cinco oficinas regionales para verificar tregua con disidencias	Politica
2024-01-17	Presidente petro condiciono ampliacion de cese con eln: 'deben abandonar la violencia'	Politica
2024-01-17	Otty patino al eln: 'plantearemos financiacion cuando se avizore el fin del conflicto'	Politica
2024-01-17	Cerac reporta reducción en acciones del Eln, pero tres violaciones al cese en diciembre	Politica
2024-01-16	Así avanza el tercer ciclo de diálogo entre el Gobierno y ‘Estado Mayor Central’	Politica
2024-01-15	Ano clave para la ‘paz total’ arranca con extension del cese con las disidencias	Politica
2024-01-14	Gobierno extendio por seis meses el cese del fuego con el 'estado mayor central'	Politica
2024-01-12	Ampliacion de tregua con emc, tema en reunion del presidente petro y delegacion de paz	Politica
2024-01-12	¿cual es el proposito de la visita del consejo de seguridad de la onu a colombia?	Politica
2024-01-11	'quiza su descarrilamiento sirva como leccion': leyva a la jep ante consejo de la onu	Politica
2024-01-11	'es necesario avanzar en la implementacion y en iniciativas de dialogo': ruiz massieu	Politica
2024-01-11	Miembros del Consejo de Seguridad de la ONU visitarán Colombia en febrero	Politica
2024-01-10	Prórroga de la tregua y crisis en el Micay, ejes del tercer ciclo con disidencias Emc	Politica
2024-01-09	Disidencias emc ‘han liberado a 10 personas’, segun camilo gonzalez posso	Politica
2024-01-09	Este martes comienza tercera ronda de dialogos con el estado mayor central	Politica
2024-01-09	Onu destaca avances en procesos de paz y pide no descuidar la implementacion	Politica
2024-01-07	Gobierno tras mensaje del papa: 'el secuestro no puede ser avalado por ningun motivo'	Politica
2024-01-05	Organizaciones de derechos humanos piden claridad sobre participacion en ‘paz total’	Politica
2024-01-03	Las razones para ampliar la planta de la oficina del alto comisionado para la paz	Politica
2024-02-18	Rayo Vallecano, con Falcao García, le daña el caminado al Real Madrid en la Liga	Deportes
2024-02-18	Dani Alves está bajo estricto protocolo en cárcel de España para evitar desenlace fatal	Deportes
2024-02-18	Inteligencia artificial revela cuál sería la liga ideal para James Rodríguez	Deportes
2024-02-18	Colombia debuta el próximo miércoles contra Panamá en la Copa Oro.	Deportes
2024-02-18	Es el sexto gol del colombiano, que pide pista en Selección.	Deportes
2024-02-17	Será un Mundial revolucionario en tres países diferentes.	Deportes
2024-02-17	Hay liga en Inglaterra, Argentina y España.	Deportes
2024-02-17	El portugués anotó en la victoria de su equipo Al-Nassr en Arabia Saudita.	Deportes
2024-02-17	Aún no hay una sede definida para la eliminatoria de la Copa Sudamericana.	Deportes
2024-02-17	El club de Premier League quiere reforzar su zona más débil con un colombiano.	Deportes
2024-02-17	El 'Lukaku' colombiano empieza a hacer de las suyas: video de su golazo con San Lorenzo	Deportes
2024-02-17	Chelsea le da una mano al Liverpool de Luis Díaz: electrizante empate con el City	Deportes
2024-02-17	Ocurrió en el partido Hansa Rostock y Hamburgo.	Deportes
2024-02-17	El club francés sigue en buena racha.	Deportes
2024-02-17	Su club sigue de líder al vencer 1-4 al Brentford.	Deportes
2024-02-17	El brasileño ya entrena en Arabia Saudí.	Deportes
2024-02-16	Video | Duván Zapata, encendido en Italia: vea su golazo de cabeza en triunfo de Torino	Deportes
2024-02-16	La IA revela polémica predicción de Millonarios, Junior y Nacional en Copa Libertadores	Deportes
2024-02-16	Psg desataria el caos por la salida de mbappe: pagaria 305 millones por dos estrellas	Deportes
2024-02-16	Luis diaz deja sorprendidos a sus companeros en liverpool: 'sus numeros no mienten'	Deportes
2024-02-16	Video | falcao garcia lanza mensaje a los hinchas de millonarios para su proximo reto	Deportes
2024-02-16	Miguel borja en duda para el clasico entre river plate y boca juniors: lo que se sabe	Deportes
2024-02-16	Video: neymar llega a arabia con una extravagante figura, de no creer	Deportes
2024-02-16	Kylian mbappe: las extravagantes cifras que tendria el contrato con el real madrid	Deportes
2024-02-16	Miguel Borja en duda para el clásico entre River Plate y Boca Juniors: lo que se sabe	Deportes
2024-02-16	Video: Neymar llega a Arabia con una extravagante figura, de no creer	Deportes
2024-02-16	Kylian mbappe: las extravagantes cifras que tendria el contrato con el real madrid	Deportes
2024-02-16	James rodriguez, de viaje y con enigmatico mensaje: ¿a donde va ahora?	Deportes
2024-02-16	La historia secreta de cuando luis diaz pudo llegar a la mls de estados unidos	Deportes
2024-02-15	Agenda deportiva por tv para este viernes 16 de febrero	Deportes
2024-02-15	Atletico nacional ya tiene rival en la copa libertadores	Deportes
2024-02-15	Santiago arias anota su primer golazo en brasil: video	Deportes
2024-02-15	'Pacho' Maturana cumplió años y reveló la conversación que tuvo con James Rodríguez	Deportes
2024-02-15	Susto en el Crystal Palace: DT de Daniel Muñoz y Jefferson Lerma fue hospitalizado	Deportes
2024-02-15	¡ojo! usan video de james rodriguez creado con ia para estafar: similar al de luis diaz	Deportes
2024-02-15	Video: zapata ejecuta increible escorpion en entrenamiento y rememora el de higuita	Deportes
2024-02-15	Luis muriel inicia una nueva etapa en estados unidos: su ambicion es ganar titulos	Deportes
2024-02-15	Bombazo: kylian mbappe le anuncio al paris saint-germain que se va del club	Deportes
2024-02-15	La verdad del supuesto veto de shakira sobre sus hijos: gerard pique, mal parado	Deportes
2024-02-15	Luto en el futbol: muere jugador tras fatal accidente de transito en mexico	Deportes
2024-02-15	Sebastián Villa gana pleito legal: se salva de pagar millonaria cifra a Boca Juniors	Deportes
2024-02-15	Video | Borja se lesiona y vive tenso momento en River Plate: fea acción contra el '9'	Deportes
2024-02-15	La seleccion colombia mantiene posicion de privilegio en ranking fifa: argentina lidera	Deportes
2024-02-15	Modesto club en argentina suena con james rodriguez: 'tenemos abierta esa esperanza'	Deportes
2024-02-15	James rodriguez, entre su conflictiva salida de sao paulo y su presente de sombras	Deportes
2024-02-15	Cristiano ronaldo anota su primer golazo del ano y estrena festejo: video	Deportes
2024-02-14	Programacion deportiva por tv para este jueves 15 de febrero	Deportes
2024-02-14	Psg toma ventaja en la serie contra real sociedad en champions league	Deportes
2024-02-14	Lazio le da otro golpe a Bayern Múnich, en la Liga de Campeones	Deportes
2024-02-14	Otra megaestrella del deporte seducido por la imponencia de La Bombonera	Deportes
2024-02-14	Amigo de james habla de frente sobre su caso en sao paulo: 'tiene que ser realista'	Deportes
2024-02-14	Escandalo: hinchas de deportivo cali, detenidos por atacar aficion de america en espana	Deportes
2024-02-14	Piden fuerte castigo para hincha del rayo que le toco la nalga a lucas ocampos	Deportes
2024-02-14	A mayra ramirez le arrebatan tremendo record tras su fichaje por el chelsea	Deportes
2024-02-14	Quincy promes, a la carcel: la expromesa de europa es condenado por narcotrafico	Deportes
2024-02-14	¿quien es el nuevo dt de falcao en el rayo vallecano? es mas joven que el colombiano	Deportes
2024-02-14	Luis Díaz y Liverpool reciben tremenda noticia y sueñan con títulos: Klopp sonríe	Deportes
2024-02-14	Se agrava la relación entre James Rodríguez y São Paulo: podría terminar en demanda	Deportes
2024-02-13	Brahim diaz le dio el triunfo al real madrid en la champions con tremendo golazo: video	Deportes
2024-02-13	Yaser asprilla, inspirado: el golazo que marco con el watford en inglaterra	Deportes
2024-02-13	Falcao se quedo sin tecnico en el rayo vallecano: esto es lo que se sabe	Deportes
2024-02-13	La conmebol eligio la sede de la final de la copa libertadores 2024	Deportes
2024-02-13	La champions vuelve con polemica: ¿esta bien anulado el gol del leipzig al real madrid?	Deportes
2024-02-13	Informacion de la nueva letra de la cancion de shakira con dardo a pique es falsa	Deportes
2024-02-13	Manchester United: Liga Premier confirma que el equipo tiene nuevo dueño	Deportes
2024-02-13	Shakira: se filtran partes de la letra de nueva canción: ¿otra vez contra Piqué?	Deportes
2024-02-13	A james rodriguez le dan con todo en brasil: 'jugadorcito mediocre'	Deportes
2024-02-13	Seleccion colombia confirma amistoso antes de la copa america	Deportes
2024-02-13	America ya conoce en que sede enfrentara a alianza en la copa sudamericana	Deportes
2024-02-13	Dani alves recibe duro golpe: pierde gran apoyo antes de conocer su condena	Deportes
2024-02-13	James rodriguez: se trunca salida de sao paulo, la bestial cifra que pide para irse	Deportes
2024-02-13	Cadena perpetua a futbolista italiano por brutal asesinato de su exnovia	Deportes
2024-02-13	Jefferson Lerma anotó tremendo golazo con el Crystal Palace al Chelsea: video	Deportes
2024-02-12	Brasil rueda escalones abajo en el fútbol y César Luis Menotti se lamenta: ¿qué pasa?	Deportes
2024-02-12	El 'lukaku colombiano': asi presentaron a diego herazo en san lorenzo	Deportes
2024-02-12	Hector cardenas no se va de la federacion, pese a su fracaso en el preolimpico	Deportes
2024-02-12	Video: el espectacular golazo que tiene al mundo con la boca abierta, ¡de otro planeta!	Deportes
2024-02-12	Mayra ramirez deslumbra a su dt en el chelsea: 'gol de talla mundial'	Deportes
2024-02-12	Lucho diaz, a punto de superar marca del tino asprilla en europa	Deportes
2024-02-12	Espectacular gol olimpico le da la vuelta al mundo: una joya	Deportes
2024-02-12	Angustiante video: futbolista murió en pleno partido tras ser alcanzado por un rayo	Deportes
2024-02-12	Sal en la herida de Colombia: Brasil y Venezuela, sin cupo a París 2024	Deportes
2024-02-12	Video | hijo de davinson sanchez se roba el 'show' en galatasaray: momento memorable	Deportes
2024-02-11	Programacion deportiva por tv para este lunes 12 de febrero	Deportes
2024-02-11	Sorpresa: brasil, el bicampeon olimpico de futbol, eliminado de paris 2024	Deportes
2024-02-11	Falcao se hace viral: el particular video de su esposa mostrando su faceta de padre	Deportes
2024-02-11	Miguel borja esta desatado: otro gol con river plate; video	Deportes
2024-02-11	Mayra ramirez desata locura en chelsea: gran ovacion de los hinchas por su gol	Deportes
2024-02-18	Polémica en el FPC: jugador de Medellín es desconvocado por amenazas a su familia	Deportes
2024-02-17	Santa Fe cae en la Liga y las redes sociales 'explotan' con los mejores memes	Deportes
2024-02-17	Las apuestas ilegales siguen enlodando el desarrollo de la Liga colombiana	Deportes
2024-02-17	Cuatro partidos se han jugado en esta fecha 7 de la Liga.	Deportes
2024-02-17	El 'matecaña' aprovechó un error grosero en un juego polémico.	Deportes
2024-02-17	El 'cardenal' visita el Ramírez Villegas por la fecha 7.	Deportes
2024-02-17	El equipo de Alfredo Arias remontó un 0-2 en contra en el Atanasio Girardot.	Deportes
2024-02-17	Un hincha ingresó a la fuerza a la sala de prensa para insultar al técnico de Nacional.	Deportes
2024-02-17	El partido fue adelantado por un concierto en El Campín.	Deportes
2024-02-17	No estuvo en el partido contra América de Cali.	Deportes
2024-02-17	Nacional se pronuncia sobre los insultos al técnico Jhon Bodmer en Cali	Deportes
2024-02-17	Hincha entra a rueda de prensa e insulta al DT de Nacional, Jhon Bodmer: video	Deportes
2024-02-17	El aficionado burló la seguridad y después ingresó a la rueda de prensa.	Deportes
2024-02-17	Los dos porteros recibieron el mismo castigo de parte del Comité Disciplinario del campeonato.	Deportes
2024-02-16	El técnico del verde puso la cara y defendió el trabajo de su equipo pese a perder contra el Cali.	Deportes
2024-02-16	Un gol de Jesús Rivas, en la única opción de gol del visitante, sentenció la derrota azul.	Deportes
2024-02-16	Alberto Gamero, tras la derrota contra Águilas: 'A mí me gustó mucho el equipo'	Deportes
2024-02-16	Deportivo Cali dejó en la cuerda floja a Jhon Bodmer, el técnico de Nacional: triunfazo	Deportes
2024-02-16	Deportivo cali vs. nacional, en vivo: siga la liga en directo	Deportes
2024-02-16	Millonarios no pudo con medellin en bogota: amargo empate en su debut de liga femenina	Deportes
2024-02-16	Hasta las lagrimas: diego novoa, emocionado por debut en casa con millonarios; video	Deportes
2024-02-16	Llueve sobre mojado en millonarios: omar bertel se lesiona y podria ser de gravedad	Deportes
2024-02-16	Millonarios vs aguilas doradas, en vivo: siga el minuto a minuto del juego en bogota	Deportes
2024-02-16	Escandalo por apostadores en el futbol colombiano: nuevas denuncias	Deportes
2024-02-16	Nuevos detalles en caso Acolfutpro tras negativa de FCF y Dimayor de negociar	Deportes
2024-02-16	Luis Sandoval: otro capítulo de la novela, empresario desmiente millonaria oferta	Deportes
2024-02-16	Millonarios vive un calvario por las lesiones: suma dos nuevas bajas para liga	Deportes
2024-02-16	Amano de partidos en colombia: mafias mexicanas y rusas, detras del 'negocio'	Deportes
2024-02-16	Apuestas ilegales: antecedentes por denuncias de amanos en el futbol colombiano	Deportes
2024-02-16	Presidente del america revela el sueldo maximo de los jugadores 'top'	Deportes
2024-02-16	Arranca la liga femenina: menos equipos, nuevo formato y muchas ilusiones	Deportes
2024-02-15	Asi va la liga colombiana: tolima gano y es el nuevo lider; posiciones	Deportes
2024-02-15	Millonarios confirma un nuevo refuerzo para la temporada: sería un conocido	Deportes
2024-02-15	Deportivo Cali toma una decisión radical con Luis 'Chino' Sandoval	Deportes
2024-02-15	La novela del 'chino' sandoval: cali mejoro oferta, pero hay rumores con otro equipo	Deportes
2024-02-15	'como quiera': filtran intimidad de millonarios y palabras de montero tras su expulsion	Deportes
2024-02-15	Insolito: dimayor toma decision por quema de sillas en el atanasio girardot	Deportes
2024-02-14	Hugo rodallega, enternecido con pequeno hincha de santa fe que lo quiere conocer	Deportes
2024-02-14	Dayro moreno anoto otro gol y queda mas cerca del record historico en colombia	Deportes
2024-02-14	Arquero de alianza revela que recibio amenazas tras lesionar a gonzalo lencina	Deportes
2024-02-14	Se agita el debate: así quedaron Millonarios, Nacional y Junior en ranking de la IFFHS	Deportes
2024-02-14	¿Por qué hay Liga de fútbol en Colombia todos los días? Dimayor y Win Sports responden	Deportes
2024-02-14	Santa fe se armo de paciencia para ganarle bien al cali y reconciliarse con su hinchada	Deportes
2024-02-13	Santa fe vs. cali, en vivo: hugo rodallega pone en ventaja al local	Deportes
2024-02-13	¿que sancion tendria atletico nacional por la quema de sillas en el atanasio girardot?	Deportes
2024-02-13	Atletico nacional niega condiciones para continuidad de bodmer en el cargo	Deportes
2024-02-13	Exjugador de millonarios, condenado por violencia de genero en estados unidos	Deportes
2024-02-13	Las ‘embajadoras’ estan listas: millonarios presento su equipo femenino	Deportes
2024-02-13	Iván Mejía Álvarez, emocionado por el cumpleaños escarlata: 'Viva América h...'	Deportes
2024-02-13	'Los del Sur', barra de Nacional, se ofreció para la reparación del Atanasio Girardot	Deportes
2024-02-12	Nacional y millonarios: ¿hace cuanto no expulsaban a los dos arqueros de un partido?	Deportes
2024-02-12	El 'lukaku colombiano': asi presentaron a diego herazo en san lorenzo	Deportes
2024-02-12	Video: escalofriante lesion de gonzalo lencina en partido del pereira	Deportes
2024-02-12	Boyaca chico ya anuncio a su nuevo entrenador tras salida de caneo	Deportes
2024-02-12	Hincha del medellin se despidio de su equipo antes de practicarse la eutanasia	Deportes
2024-02-12	Alcalde de medellin anuncia medidas por hinchas que quemaron sillas en el estadio	Deportes
2024-02-12	Hinchas de Atlético Nacional prenden fuego en tribuna tras derrota contra Millonarios	Deportes
2024-02-12	Jhon Bodmer quedó en la cuerda floja: 'Dejo mi cargo a disposición'	Deportes
2024-02-12	Los memes no perdonan a nacional por derrota contra millonarios	Deportes
2024-02-12	Millonarios no cree en nadie: ahora vencio a nacional en medellin	Deportes
2024-02-12	Millonarios: el dulce sabor del triunfo… (meluk le cuenta)	Deportes
2024-02-12	¿por que expulsaron a los arqueros de nacional y millonarios? ¿que sancion tendran?	Deportes
2024-02-11	Atletico nacional vs. millonarios, en vivo: leo castro adelanta a los azules	Deportes
2024-02-11	Dayro moreno volvio a anotar y se acerca mas el record de goles en colombia	Deportes
2024-02-11	Hace 20 años asesinaron al 'Palomo' Usuriaga, una leyenda de Colombia	Deportes
2024-02-11	Nacional recibe mala noticia de último momento contra Millonarios: baja importante	Deportes
2024-02-11	Nacional vs. millonarios, el duelo de los mas campeones: dos maneras de ganar	Deportes
2024-02-11	Santa fe sufre, lucha, empata y casi gana: 1-1 contra el medellin	Deportes
2024-02-10	Asi va la liga colombiana: junior puntea y santa fe respira, tabla de posiciones	Deportes
2024-02-10	Medellin vs. santa fe, en vivo: siga el minuto a minuto	Deportes
2024-02-10	No resistio: cae el primer tecnico de la liga en el 2024	Deportes
2024-02-10	Federacion colombiana de futbol inicio el festejo de sus 100 anos de historia	Deportes
2024-02-09	Deportivo Cali golea a Chicó y trepa en la tabla de posiciones	Deportes
2024-02-09	Dimayor, contundente: derrota en el escritorio por mala inscripción de un jugador	Deportes
2024-02-09	Andres llinas recibe ofertas de dos grandes del continente: la decision de millonarios	Deportes
2024-02-09	Millonarios y santa fe, pendientes a la renovacion de el campin: alcalde galan da fecha	Deportes
2024-02-09	Teofilo gutierrez y su familia estan de luto por muerte de ser querido muy cercano	Deportes
2024-02-08	Reviva, minuto a minuto, el empate entre patriotas y nacional	Deportes
2024-02-08	Se publico el audio del var del polemico gol de millonarios contra america	Deportes
2024-02-08	Fiesta azul y frustracion roja: los mejores memes de millonarios vs. america	Deportes
2024-02-07	La polémica de Millonarios vs. América: ¿fue gol legal de Leonardo Castro?	Deportes
2024-02-07	Millonarios se quitó de encima al América y dio un buen salto en la tabla de la Liga	Deportes
2024-02-07	Millonarios vs. america, en vivo: en juego, el clasico de la quinta fecha de la liga	Deportes
2024-02-07	Hugo rodallega explota tras derrota de santa fe: contundente reaccion	Deportes
2024-02-07	Millonarios vs. america: ¿pueden entrar a el campin hinchas escarlatas?	Deportes
2024-02-07	Asi va la liga colombiana: bucaramanga sorprendio, junior sigue arriba, posiciones	Deportes
2024-02-06	Hospital azul: millonarios recibe al america con una larga lista de lesionados	Deportes
2024-02-06	Santa fe sigue en reversa: perdio racha de 21 anos sin caer contra bucaramanga en casa	Deportes
2024-02-16	Fotos y videos: así se ven todos los carros de Fórmula 1 que correrán la temporada 2024	Deportes
2024-02-14	Lewis Hamilton, listo para su último baile con Mercedes en F1: este es su nuevo carro	Deportes
2024-02-13	Ferrari presenta su auto para 2024, el último antes de la llegada de Lewis Hamilton	Deportes
2024-02-12	El español ofreció una rueda de prensa en la que su colega fue tema central.	Deportes
2024-02-07	El jefe de la escuadra negó las acusaciones. Sus abogados dicen que lo quieren sacar el equipo.	Deportes
2024-02-05	La batería de auto es vital para el funcionamiento del vehículo.	Deportes
2024-02-05	Pese a que no se encontraron pruebas de corrupción, se están revisando los términos de contratos.	Deportes
2024-02-05	Le compartimos secretos que regularmente están ocultos.	Deportes
2024-02-05	La cantante colombiana obtuvo el premio en la categoría de música urbana.	Deportes
2024-02-04	El piloto británico ocupará un asiento en Ferrari a partir de 2025.	Deportes
2024-02-03	Hamilton rompe el silencio tras sorpresiva llegada a Ferrari: 'Cumplo el sueño de niño'	Deportes
2024-02-02	Lewis Hamilton ya conduce Ferrari: estos son los autos de esa marca que tiene	Deportes
2024-02-01	En el comunicado también se apunta a que su ingreso en 2025 y en 2026 no es factible.	Deportes
2024-02-01	El piloto podría provocar un terremoto en F1: las claves del fichaje por la escudería de Maranello.	Deportes
2024-01-30	El piloto colombiano será galardonado en Estados Unidos.	Deportes
2024-01-29	Salen al paso de los rumores. ¿Es verdad que come en la mesa?	Deportes
2024-01-29	Tatiana Calderón y Gabby Chaves: así les fue a los colombianos en Daytona	Deportes
2024-01-25	Tensión en familia Schumacher: temen que expareja de Ralf revele detalles de Michael	Deportes
2024-01-24	Juan pablo montoya recibe tremenda noticia: sera incluido en salon de la fama	Deportes
2024-01-23	Madrid sera sede del gran premio de espana de formula 1 a partir de 2026	Deportes
2024-01-22	Tatiana calderon, tercera en la parrilla: va por el triunfo en las 24 horas de daytona	Deportes
2024-01-19	Javier velez, unico colombiano en el rally dakar, logro llegar a la meta	Deportes
2024-01-19	Carlos sainz, campeon del rally dakar 2024 se convirtio en leyenda y marco record	Deportes
2024-01-19	Tatiana calderon correra el roar before en daytona international speedway	Deportes
2024-01-19	Tatiana Calderón: ‘El automovilismo es todavía un deporte machista’	Deportes
2024-01-15	Tragedia en el Rally Dakar: muere piloto español tras grave accidente en su moto	Deportes
2024-01-13	Rally dakar: piloto accidentado fue trasladado a espana y su estado es critico	Deportes
2024-01-10	Sorprendente revelacion sobre la salud de schumacher: 'se sienta a la mesa a cenar'	Deportes
2024-01-09	Rally dakar: se complica salud del piloto accidentado, en uci y en coma	Deportes
2024-01-08	Juan pablo montoya y michael schumacher: sus increibles duelos en la pista, video	Deportes
2024-01-07	Rally dakar: tras brutal accidente piloto esta en coma por seria lesion cerebral	Deportes
2024-01-07	Formula 1: familia fittipaldi, en vilo, expiloto se debate entre la vida y la muerte	Deportes
2024-01-03	Rally Dakar: no ha comenzado y reportan la primera muerte, luto en la caravana	Deportes
2024-01-03	Michael Schumacher: así lo recuerdan tras cumplir 55 años	Deportes
2023-12-30	Muere el piloto gil de ferran tras sufrir infarto mientras conducia en circuito privado	Deportes
2023-12-29	Michael schumacher cumple 10 anos de tragedia y misterio: su estado es una incognita	Deportes
2023-12-26	Coulthard recuerda a michael schumacher como 'frio y despiadado' con tal de ganar	Deportes
2023-12-24	A max verstappen le niegan el alquiler de potente mercedes ¡por ser demasiado joven!	Deportes
2023-12-24	Juan pablo montoya: habla el dueno de la camioneta que choco con el piloto en bogota	Deportes
2023-12-23	Juan pablo montoya, victima de choque en el norte de bogota: camioneta lo estrello	Deportes
2023-12-19	Los carros más rápidos del mundo en 2023 y que no son de la Fórmula Uno	Deportes
2023-12-18	Max Verstappen: increíble, el dineral que debe pagar para seguir en la Fórmula 1	Deportes
2023-12-18	'ya no tengo esperanzas': exjefe de michael schumacher habla de su estado de salud	Deportes
2023-12-16	Michael schumacher: hacen insolita revelacion sobre su actual estado de salud	Deportes
2023-12-14	Montoya ya tiene nuevo reto para el 2024: firmo por importante equipo de formula 3	Deportes
2023-12-10	Mindeporte crea 'colombia a motor' para impulsar el futuro del automovilismo colombiano	Deportes
2023-12-06	Astara team suena con hacer historia en el dakar 2024: 'somos mas competitivos'	Deportes
2023-12-05	La formula 1 volveria a madrid en 2026, pero barcelona quedaria fuera del calendario	Deportes
2023-12-05	El consejo de Juan Pablo Montoya que tiene sin palabras a su hijo: 'Lo tiene que creer'	Deportes
2023-12-04	¿Compañeros de equipo? Planes de Max Verstappen y Fernando Alonso más allá de la F-1	Deportes
2023-12-03	Sebastian montoya se enfrenta al abismo: ‘ya no se que responderle a mi papa’	Deportes
2023-12-02	Juan sebastian montoya recibe importante nominacion de automovilismo: asi puede votar	Deportes
2023-11-26	Verstappen, imparable en formula 1: gano el gp de abu dabi y supero importante record	Deportes
2023-11-24	Fuerte accidente en f1: carlos sainz pierde el control de su carro y se choca; video	Deportes
2023-11-23	Accidente en autodromo de tocancipa, con giro inesperado: negligencia, segun bomberos	Deportes
2023-11-21	Las 6 horas de bogota cambia de fecha en solidaridad por tragedia en tocancipa	Deportes
2023-11-21	‘Nada será igual’: mensaje de hija de periodista fallecida en el Autódromo de Tocancipá	Deportes
2023-11-21	'Primera noche...': mensaje de esposo de periodista fallecida en Autódromo de Tocancipá	Deportes
2023-11-20	Revelan la primera hipotesis de la muerte de periodista en el autodromo de tocancipa	Deportes
2023-11-20	Menor de edad, victima de accidente en el autodromo de tocancipa, esta en coma inducido	Deportes
2023-11-20	Muerte de periodista en tocancipa: tc 2.000 explica lo que ocasiono la tragedia	Deportes
2023-11-20	Ella era luz piedad eusse, popular periodista que murio en el autodromo de tocancipa	Deportes
2023-11-20	Asi fue el fatal accidente en el autodromo de tocancipa que acabo con la vida de 'lupi'	Deportes
2023-11-20	'mi lugar feliz': ultimo mensaje de periodista luz eusse en el autodromo de tocancipa	Deportes
2023-11-20	Periodista y piloto Luz Eusse murió en Autódromo de Tocancipá tras caída de pantalla	Deportes
2023-11-19	Federación de Automovilismo se pronuncia tras muerte de Luz Eusse en el Autódromo	Deportes
2023-11-19	Tragedia en el autodromo de tocancipa al caer una pantalla: muere una persona	Deportes
2023-11-19	La muerte de luz eusse y otros hechos luctuosos en el autodromo de tocancipa	Deportes
2023-11-19	Max verstappen gano el gran premio de las vegas de formula 1 tras emocionante carrera	Deportes
2023-11-18	Charles leclerc logra la 'pole' en debut del gran premio de las vegas de formula 1	Deportes
2023-11-18	¡insolito accidente en formula 1! tapa de alcantarilla destruye carro de sainz; video	Deportes
2023-11-16	Sebastian montoya calienta motores: se ilusiona con ganar el gp de macao, en formula 3	Deportes
2023-11-16	Polémica en F1: trabajadoras sexuales ofrecen servicio sin costo a pilotos en Las Vegas	Deportes
2023-11-14	Coronel Vidal: un piloto desmayó a golpes a otro competidor en medio de una carrera	Deportes
2023-11-07	Ex30: la revolucion electrica de volvo	Deportes
2023-11-07	Ralf schumacher se decide a hablar sobre su hermano michael: 'la vida no es justa'	Deportes
2023-11-05	James rodriguez, como shakira, se roba las miradas en la formula uno	Deportes
2023-11-05	Formula uno: max verstappen se quedo con el gran premio de são paulo	Deportes
2023-11-04	Max verstappen, demoledor en formula 1: gano el esprint del gran premio de brasil	Deportes
2023-11-03	Lewis hamilton y la lucha contra el racismo: hablo fuerte y claro de vinicius	Deportes
2023-11-01	Aston Martin cambia de deporte: no solo F1, también creó una superbicicleta	Deportes
2023-11-01	Otro récord de Michael Schumacher que pulveriza Max Verstappen en la F1	Deportes
2023-10-31	Lewis hamilton se burlo de accidente de 'checo' perez en f1: recordo su impase en qatar	Deportes
2023-10-29	Max verstappen triunfa en el gran premio de mexico: impecable carrera del campeon de f1	Deportes
2023-10-29	Escalofriante accidente en gp de mexico: fuerte choque provoco la bandera roja; video	Deportes
2023-10-29	'checo' perez desilusiona en gp de mexico: grave accidente lo deja sin carrera; video	Deportes
2023-10-29	Abogado de michael schumacher revela razon del silencio por la salud del piloto	Deportes
2023-10-29	'es una pena': 'checo' perez hunde dedo en la llaga por gp de formula 1 en barranquilla	Deportes
2024-02-17	‘Es increíble haberme convertido en una persona que inspira a los jóvenes’: Alcaraz	Deportes
2024-02-16	¡Confirmado! Bogotá será sede de la Billie Jean King Cup: se jugará el Grupo Américas	Deportes
2024-02-10	Camila Osorio, baja en próximos torneos por enfermedad: 'Llevo días en cama'	Deportes
2024-02-08	El equipo acaba de derrotar a Luxemburgo y ahora tendrá una dura prueba.	Deportes
2024-02-08	Colombia enfrentará a Japón de visitante.	Deportes
2024-02-06	La tenista colombiana afronta el WTA 250 de Rumanía.	Deportes
2024-02-05	Zuluaga deja el cargo tras más de cuatro años.	Deportes
2024-02-05	Con dos debutantes, y sin las figuras de Cabal, Farah y Galán, logró una histórica remontada.	Deportes
2024-02-04	El equipo colombiano clasificó a las 'qualifiers' del Grupo Mundial I de Copa Davis.	Deportes
2024-02-03	Colombia sigue con vida en la serie eliminatoria tras las derrotas en sus primeras dos salidas.	Deportes
2024-02-02	Colombia pierde sus dos primeros duelos contra Luxemburgo en la Copa Davis	Deportes
2024-02-01	Copa Davis: orden de los juegos de la serie entre Colombia y Luxemburgo en Bogotá	Deportes
2024-01-29	Colombia enfrentará el próximo viernes a Luxemburgo en la Copa Davis.	Deportes
2024-01-29	Venció al ruso Daniil Medvedev en cinco 'sets'.	Deportes
2024-01-27	Venció a Qinwen Zheng (12) por 6-3 y 6-2.	Deportes
2024-01-26	Cayó 6-1, 6-2, 6-7 (6/8) y 6-3.	Deportes
2024-01-25	Zheng VS. Sabalenka: la gran final del Abierto de Australia	Deportes
2024-01-24	Zverez pone fin al sueño de Alcaraz en el Abierto de Australia: eliminado en partidazo	Deportes
2024-01-23	Novak djokovic derroto a taylor fritz y volvio a asegurar un lugar en la semifinal	Deportes
2024-01-23	Colombia anuncia los jugadores para disputar la copa davis: galan, el gran ausente	Deportes
2024-01-23	Novak djokovic se 'sale de la ropa': furioso reclamo a su equipo tecnico, video	Deportes
2024-01-23	Abierto de australia: coco gauff rompe varios records tras su paso a semifinales	Deportes
2024-01-20	Alcaraz tiene ejemplar detalle con su rival en el abierto de australia: emotiva imagen	Deportes
2024-01-18	Impresionante: el record que se batio en el abierto de australia, ¡una locura!	Deportes
2024-01-17	Video: Novak Djokovic discute con aficionado y se echa el público encima en Australia	Deportes
2024-01-17	Arantxa Sánchez Vicario fue condenada a dos años de cárcel, duro revés	Deportes
2024-01-17	Daniel galan es eliminado en el abierto de australia tras perder contra sebastian baez	Deportes
2024-01-15	Camila osorio: asi fue el debut y despedida en el abierto de australia 2024	Deportes
2024-01-14	Historico: daniel galan supera a kubler y avanza en el abierto de australia (video)	Deportes
2024-01-13	Se calienta el abierto de australia: alcaraz amenaza la corona de djokovic en melbourne	Deportes
2024-01-12	Escandalo: idolo del tenis recibe dura sentencia por arreglar partidos	Deportes
2024-01-08	Naomi osaka: hermana lanza durisima amenaza a su papa, ‘te matare’	Deportes
2024-01-08	Camila Osorio tiene el primer revés de la temporada, cayo en el Torneo de Hobart	Deportes
2024-01-07	Rafael Nadal: el camino de espinas que debe recorrer tras 'bajarse' de Australia	Deportes
2024-01-06	Camila osorio se mete en el cuadro principal de hobart tras gran victoria	Deportes
2024-01-05	Rafael nadal sufre primer gran tropiezo tras su regreso: eliminado en brisbane	Deportes
2024-01-03	Novak djokovic prende las alarmas: se lesiona a 10 dias del open de australia	Deportes
2024-01-03	Rafael nadal puso fin a un ano de calvario y volvio con todo	Deportes
2024-01-02	Rafa nadal, inoxidable: regresa con victoria tras un ano de lucha y sufrimiento	Deportes
2023-12-31	Rafael nadal volvio a jugar un ano despues desde su lesion: asi le fue	Deportes
2023-12-23	Novak Djokovic tuvo un 2023 para agrandar su leyenda	Deportes
2023-12-19	Día histórico: la número 60 del mundo jugó contra el 1.145 en la 'batalla de los sexos'	Deportes
2023-12-13	Novak djokovic revela las cosas que le molestaban de rafa nadal en cada partido	Deportes
2023-12-04	Nadal anuncia regreso, figura del tenis lo 'destroza': 'no es rival para un grand slam'	Deportes
2023-12-01	Rafel nadal deja atras el drama y anuncia su regreso a las canchas	Deportes
2023-11-29	Raqueta autografiada por la estrella alexander zverev esta en bogota: sera subastada	Deportes
2023-11-25	Novak djokovic vive pesadilla en copa davis: sinner, el heroe	Deportes
2023-11-24	David nalbandian habla tras ser acusado de poner camara oculta en habitacion de su ex	Deportes
2023-11-19	Noval Djokovic, imparable en Turín: conquistó el ATP Finals tras vencer a Jannik Sinner	Deportes
2023-11-16	Conozca a los tenistas que fueron duramente sancionados por amaño de partidos	Deportes
2023-11-15	Juan sebastian cabal y robert farah se despidieron del tenis con una sorpresiva derrota	Deportes
2023-11-10	Triunfo de camila osorio y colombia empata 1-1 con japon en la billie jean king cup	Deportes
2023-11-01	Drasticas sanciones a tres exitosos tenistas por amano de partidos	Deportes
2023-10-30	Desgarrador relato de pete sampras al informar el drama familiar que vive	Deportes
2023-10-28	El tenis le dio a colombia el oro numero 12 en los panamericanos de santiago 2023	Deportes
2023-10-26	Escandalo: la estrella del tenis mundial que recibio duro castigo por dopaje	Deportes
2023-10-26	Robert Farah confirma que quiere ser actor de televisión, ya tiene varias propuestas	Deportes
2023-10-26	Toni Nadal: 'Necesitamos que Alcaraz, Djokovic y Medvedev se lesionen'	Deportes
2023-10-20	Johan rodriguez se juega en morelia el primer titulo colombiano del 2023 en sencillos	Deportes
2023-10-19	Rafael nadal: 'tengo menos dolor, pero sigo con molestias'	Deportes
2023-10-17	Tenista denuncia serias amenazas por amano de partidos: 'muere, pedazo...'	Deportes
2023-10-11	Ya se sabe cuando regresa rafael nadal a las canchas: 'se presentara para ganar'	Deportes
2023-10-05	Preparense: rafael nadal volvio a entrenar y se espera que regrese pronto a competir	Deportes
2023-09-29	¿quiere ser tenista profesional en colombia? esta es la suma que deberia invertir	Deportes
2023-09-26	Challenger de Bogotá: definidos los octavos de final tras una jornada vibrante	Deportes
2023-09-26	Sigue en firme el homenaje a Cabal y Farah en el Challenger de Bogotá	Deportes
2023-09-25	Emiliana arango logra impresionante ascenso en el escalafon del tenis mundial	Deportes
2023-09-22	Emiliana arango acaba un gran sueno en guadalajara: afuera en cuartos de final	Deportes
2023-09-20	Emiliana, sensacional: avanzo a cuartos del wta de guadalajara tras juego electrizante	Deportes
2023-09-20	Copa davis: colombia ya conoce a su rival para los 'play-offs' del grupo mundial i	Deportes
2023-09-19	Emiliana arango, tremenda victoria en guadalajara: elimina a una favorita al titulo	Deportes
2023-09-18	Emiliana arango logra sorprendente triunfo en el master 1.000 de guadalajara	Deportes
2023-09-18	Rafael Nadal hace cruda confesión sobre su futuro profesional	Deportes
2023-09-18	Camila Osorio: de encender las alarmas en San Diego a jugar el WTA 1000 de Guadalajara	Deportes
2023-09-15	Copa davis: tenista 'pierde la cabeza' y desata su furia por polemica decision, video	Deportes
2023-09-15	Copa davis: colombia pierde la clasificacion al grupo mundial i contra ucrania	Deportes
2023-09-15	'mi entrenador me violo mas de 400 veces', denuncio una extenista francesa	Deportes
2023-09-14	Daniel galan empata serie de copa davis entre colombia y ucrania por grupo mundial i	Deportes
2023-09-13	Camila osorio, en alerta: se retira por lesion en san diego	Deportes
2023-09-13	Copa davis: asi son los enfrentamientos de colombia vs ucrania	Deportes
2023-09-13	Novak Djokovic rompe en llanto al llegar a Serbia tras ganar el US Open	Deportes
2023-09-12	Fuerte sanción recae sobre una exnúmero uno del tenis por dopaje	Deportes
2023-09-12	Novak djokovic, revelan video inedito de nino: 'mi meta es ser el numero uno del mundo'	Deportes
2023-09-11	Camila osorio avanza en renido partido en el wta de san diego	Deportes
2023-09-11	Sabalenka explota de frustracion: rompe su raqueta tras derrota en el us open	Deportes
2023-09-11	Novak djokovic amplia su leyenda: se corono campeon del us open e igualo record mundial	Deportes
2023-09-10	Novak djokovic: la historia detras de su camiseta al ganar su 'grand slam' 24	Deportes
2023-09-10	El tenis se forja desde la base y estas son las claves para ayudar	Deportes